1,100,'Saturday',201360,201361,201362,201363,201364,201365,201366,201367,201368,201369,201370,201371,201372,201373,201374,201375,201376,201377,201378,201379,201380,201381,201382,201383,201384,201385,201386,201387,201388,201389,201390,201391,201392,201393,201394,201395,201396,201397,201398,201399,201400,201401,201402,201403,201404
1,100,'Sunday',201405,201406,201407,201408,201409,201410,201411,201412,201413,201414,201415,201416,201417,201418,201419,201420,201421,201422,201423,201424,201425,201426,201427,201428,201429,201430,201431,201432,201433,201434,201435,201436,201437,201438,201439,201440,201441,201442,201443,201444,201445,201446,201447,201448,201449
1,100,'Weekday',201450,201451,201452,201453,201454,201455,201456,201457,201458,201459,201460,201461,201462,201463,201464,201465,201466,201467,201468,201469,201470,201471,201472,201473,201474,201475,201476,201477,201478,201479,201480,201481,201482,201483,201484,201485,201486,201487,201488,201489,201490,201491,201492,201493,201494,201495,201496,201497,201498,201499,201500,201501,201502,201503,201504,201505,201506,201507,201508,201509,201510,201511,201512,201513,201514,201515,201516,201517
1,101,'Saturday',201518,201519,201520,201521,201522,201523,201524,201525,201526,201527,201528,201529,201530,201531,201532,201533,201534,201535,201536,201537,201538,201539,201540,201541,201542,201543,201544,201545,201546,201547,201548,201549,201550,201551,201552,201553,201554,201555,201556,201557,201558,201559,201560,201561
1,101,'Sunday',201562,201563,201564,201565,201566,201567,201568,201569,201570,201571,201572,201573,201574,201575,201576,201577,201578,201579,201580,201581,201582,201583,201584,201585,201586,201587,201588,201589,201590,201591,201592,201593,201594,201595,201596,201597,201598,201599,201600,201601,201602,201603,201604,201605
1,101,'Weekday',201606,201607,201608,201609,201610,201611,201612,201613,201614,201615,201616,201617,201618,201619,201620,201621,201622,201623,201624,201625,201626,201627,201628,201629,201630,201631,201632,201633,201634,201635,201636,201637,201638,201639,201640,201641,201642,201643,201644,201645,201646,201647,201648,201649,201650,201651,201652,201653,201654,201655,201656,201657,201658,201659,201660,201661,201662,201663,201664,201665,201666,201667,201668,201669,201670,201671,201672
2,200,'Saturday',201673,201674,201675,201676,201677,201678,201679,201680,201681,201682,201683,201684,201685,201686,201687,201688,201689,201690,201691,201692,201693,201694,201695,201696,201697,201698,201699,201700,201701,201702,201703,201704,201705,201706,201707,201708,201709,201710,201711,201712,201713,201714,201715
2,200,'Sunday',201716,201717,201718,201719,201720,201721,201722,201723,201724,201725,201726,201727,201728,201729,201730,201731,201732,201733,201734,201735,201736,201737,201738,201739,201740,201741,201742,201743,201744,201745,201746,201747,201748,201749,201750,201751,201752,201753,201754,201755,201756,201757,201758
2,200,'Weekday',201759,201760,201761,201762,201763,201764,201765,201766,201767,201768,201769,201770,201771,201772,201773,201774,201775,201776,201777,201778,201779,201780,201781,201782,201783,201784,201785,201786,201787,201788,201789,201790,201791,201792,201793,201794,201795,201796,201797,201798,201799,201800,201801,201802,201803,201804,201805,201806,201807,201808,201809,201810,201811,201812,201813,201814,201815
2,200,'Weekday0000100',201816
2,200,'Weekday1111000',201817
2,201,'Saturday',201818,201819,201820,201821,201822,201823,201824,201825,201826,201827,201828,201829,201830,201831,201832,201833,201834,201835,201836,201837,201838,201839,201840,201841,201842,201843,201844,201845,201846,201847,201848,201849,201850,201851,201852,201853,201854,201855,201856,201857,201858,201859,201860
2,201,'Sunday',201861,201862,201863,201864,201865,201866,201867,201868,201869,201870,201871,201872,201873,201874,201875,201876,201877,201878,201879,201880,201881,201882,201883,201884,201885,201886,201887,201888,201889,201890,201891,201892,201893,201894,201895,201896,201897,201898,201899,201900,201901,201902,201903
2,201,'Weekday',201904,201905,201906,201907,201908,201909,201910,201911,201912,201913,201914,201915,201916,201917,201918,201919,201920,201921,201922,201923,201924,201925,201926,201927,201928,201929,201930,201931,201932,201933,201934,201935,201936,201937,201938,201939,201940,201941,201942,201943,201944,201945,201946,201947,201948,201949,201950,201951,201952,201953,201954,201955,201956,201957,201958,201959,201960,201961,201962
3,300,'Saturday',201963,201964,201965,201966,201967,201968,201969,201970,201971,201972,201973,201974,201975,201976,201977,201978,201979,201980,201981,201982,201983,201984,201985,201986,201987,201988,201989,201990,201991,201992,201993,201994,201995,201996,201997,201998,201999,202000,202001,202002,202003,202004,202005,202006,202007,202008,202009,202010,202011,202012,202013,202014,202015,202016,202017,202018
3,300,'Sunday',202019,202020,202021,202022,202023,202024,202025,202026,202027,202028,202029,202030,202031,202032,202033,202034,202035,202036,202037,202038,202039,202040,202041,202042,202043,202044,202045,202046,202047,202048,202049,202050,202051,202052,202053,202054,202055,202056,202057,202058,202059,202060,202061,202062,202063,202064,202065,202066,202067,202068,202069,202070,202071,202072,202073,202074
3,300,'Weekday',202075,202076,202077,202078,202079,202080,202081,202082,202083,202084,202085,202086,202087,202088,202089,202090,202091,202092,202093,202094,202095,202096,202097,202098,202099,202100,202101,202102,202103,202104,202105,202106,202107,202108,202109,202110,202111,202112,202113,202114,202115,202116,202117,202118,202119,202120,202121,202122,202123,202124,202125,202126,202127,202128,202129,202130,202131,202132,202133,202134,202135,202136,202137,202138,202139,202140,202141,202142,202143,202144,202145,202146,202147,202148,202149,202150,202151,202152,202153,202154,202155,202156,202157,202158,202159,202160,202161,202162,202163,202164,202165,202166,202167,202168
3,301,'Saturday',202169,202170,202171,202172,202173,202174,202175,202176,202177,202178,202179,202180,202181,202182,202183,202184,202185,202186,202187,202188,202189,202190,202191,202192,202193,202194,202195,202196,202197,202198,202199,202200,202201,202202,202203,202204,202205,202206,202207,202208,202209,202210,202211,202212,202213,202214,202215,202216,202217,202218,202219,202220,202221,202222,202223,202224
3,301,'Sunday',202225,202226,202227,202228,202229,202230,202231,202232,202233,202234,202235,202236,202237,202238,202239,202240,202241,202242,202243,202244,202245,202246,202247,202248,202249,202250,202251,202252,202253,202254,202255,202256,202257,202258,202259,202260,202261,202262,202263,202264,202265,202266,202267,202268,202269,202270,202271,202272,202273,202274,202275,202276,202277,202278,202279,202280
3,301,'Weekday',202281,202282,202283,202284,202285,202286,202287,202288,202289,202290,202291,202292,202293,202294,202295,202296,202297,202298,202299,202300,202301,202302,202303,202304,202305,202306,202307,202308,202309,202310,202311,202312,202313,202314,202315,202316,202317,202318,202319,202320,202321,202322,202323,202324,202325,202326,202327,202328,202329,202330,202331,202332,202333,202334,202335,202336,202337,202338,202339,202340,202341,202342,202343,202344,202345,202346,202347,202348,202349,202350,202351,202352,202353,202354,202355,202356,202357,202358,202359,202360,202361,202362,202363,202364,202365,202366,202367,202368,202369,202370,202371,202372
4,400,'Saturday',202373,202374,202375,202376,202377,202378,202379,202380,202381,202382,202383,202384,202385,202386,202387,202388,202389,202390,202391,202392,202393,202394,202395,202396,202397,202398,202399,202400,202401,202402,202403,202404,202405,202406,202407,202408,202409,202410,202411,202412,202413,202414,202415,202416
4,400,'Sunday',202417,202418,202419,202420,202421,202422,202423,202424,202425,202426,202427,202428,202429,202430,202431,202432,202433,202434,202435,202436,202437,202438,202439,202440,202441,202442,202443,202444,202445,202446,202447,202448,202449,202450,202451,202452,202453,202454,202455,202456,202457,202458,202459
4,400,'Weekday',202460,202461,202462,202463,202464,202465,202466,202467,202468,202469,202470,202471,202472,202473,202474,202475,202476,202477,202478,202479,202480,202481,202482,202483,202484,202485,202486,202487,202488,202489,202490,202491,202492,202493,202494,202495,202496,202497,202498,202499,202500,202501,202502,202503,202504,202505,202506,202507,202508,202509,202510,202511
5,501,'Saturday',202512,202513,202514,202515,202516,202517,202518,202519,202520,202521,202522,202523,202524,202525,202526,202527,202528,202529,202530,202531,202532,202533,202534,202535,202536,202537,202538,202539,202540,202541,202542,202543,202544,202545,202546,202547,202548,202549,202550,202551,202552,202553,202554,202555
5,501,'Sunday',202556,202557,202558,202559,202560,202561,202562,202563,202564,202565,202566,202567,202568,202569,202570,202571,202572,202573,202574,202575,202576,202577,202578,202579,202580,202581,202582,202583,202584,202585,202586,202587,202588,202589,202590,202591,202592,202593,202594,202595,202596,202597,202598
5,501,'Weekday',202599,202600,202601,202602,202603,202604,202605,202606,202607,202608,202609,202610,202611,202612,202613,202614,202615,202616,202617,202618,202619,202620,202621,202622,202623,202624,202625,202626,202627,202628,202629,202630,202631,202632,202633,202634,202635,202636,202637,202638,202639,202640,202641,202642,202643,202644,202645,202646,202647,202648,202649,202650
6,600,'Saturday',202651,202652,202653,202654,202655,202656,202657,202658,202659,202660,202661,202662,202663,202664,202665,202666,202667,202668,202669,202670,202671,202672,202673,202674,202675,202676,202677,202678,202679,202680,202681,202682,202683,202684,202685,202686,202687
6,600,'Sunday',202688,202689,202690,202691,202692,202693,202694,202695,202696,202697,202698,202699,202700,202701,202702,202703,202704,202705,202706,202707,202708,202709,202710,202711,202712,202713,202714,202715,202716,202717,202718,202719,202720,202721,202722,202723,202724
6,600,'Weekday',202725,202726,202727,202728,202729,202730,202731,202732,202733,202734,202735,202736,202737,202738,202739,202740,202741,202742,202743,202744,202745,202746,202747,202748,202749,202750,202751,202752,202753,202754,202755,202756,202757,202758,202759,202760,202761,202762,202763,202764,202765,202766,202767,202768,202769,202770,202771,202772
6,601,'Saturday',202773,202774,202775,202776,202777,202778,202779,202780,202781,202782,202783,202784,202785,202786,202787,202788,202789,202790,202791,202792,202793,202794,202795,202796,202797,202798,202799,202800,202801,202802,202803,202804,202805,202806,202807,202808,202809,202810
6,601,'Sunday',202811,202812,202813,202814,202815,202816,202817,202818,202819,202820,202821,202822,202823,202824,202825,202826,202827,202828,202829,202830,202831,202832,202833,202834,202835,202836,202837,202838,202839,202840,202841,202842,202843,202844,202845,202846,202847
6,601,'Weekday',202848,202849,202850,202851,202852,202853,202854,202855,202856,202857,202858,202859,202860,202861,202862,202863,202864,202865,202866,202867,202868,202869,202870,202871,202872,202873,202874,202875,202876,202877,202878,202879,202880,202881,202882,202883,202884,202885,202886,202887,202888,202889,202890,202891,202892,202893
7,700,'Saturday',202894,202895,202896,202897,202898,202899,202900,202901,202902,202903,202904,202905,202906,202907,202908,202909,202910,202911,202912,202913,202914,202915,202916,202917,202918,202919,202920,202921,202922,202923,202924
7,700,'Sunday',202925,202926,202927,202928,202929,202930,202931,202932,202933,202934,202935,202936,202937,202938,202939,202940,202941,202942,202943,202944,202945,202946,202947,202948,202949,202950,202951,202952,202953,202954,202955
7,700,'Weekday',202956,202957,202958,202959,202960,202961,202962,202963,202964,202965,202966,202967,202968,202969,202970,202971,202972,202973,202974,202975,202976,202977,202978,202979,202980,202981,202982,202983,202984,202985,202986,202987,202988,202989,202990,202991,202992,202993,202994,202995,202996,202997,202998,202999,203000,203001,203002
7,701,'Saturday',203003,203004,203005,203006,203007,203008,203009,203010,203011,203012,203013,203014,203015,203016,203017,203018,203019,203020,203021,203022,203023,203024,203025,203026,203027,203028,203029,203030,203031,203032
7,701,'Sunday',203033,203034,203035,203036,203037,203038,203039,203040,203041,203042,203043,203044,203045,203046,203047,203048,203049,203050,203051,203052,203053,203054,203055,203056,203057,203058,203059,203060,203061,203062
7,701,'Weekday',203063,203064,203065,203066,203067,203068,203069,203070,203071,203072,203073,203074,203075,203076,203077,203078,203079,203080,203081,203082,203083,203084,203085,203086,203087,203088,203089,203090,203091,203092,203093,203094,203095,203096,203097,203098,203099,203100,203101,203102,203103,203104,203105,203106,203107,203108,203109,203110
7,701,'Weekday1111000',203111
8,800,'Saturday',203112,203113,203114,203115,203116,203117,203118,203119,203120,203121,203122,203123,203124,203125,203126,203127,203128,203129,203130,203131,203132,203133,203134,203135,203136,203137,203138,203139,203140,203141,203142,203143,203144,203145,203146,203147,203148
8,800,'Sunday',203149,203150,203151,203152,203153,203154,203155,203156,203157,203158,203159,203160,203161,203162,203163,203164,203165,203166,203167,203168,203169,203170,203171,203172,203173,203174,203175,203176,203177,203178,203179,203180,203181,203182,203183,203184,203185
8,800,'Weekday',203186,203187,203188,203189,203190,203191,203192,203193,203194,203195,203196,203197,203198,203199,203200,203201,203202,203203,203204,203205,203206,203207,203208,203209,203210,203211,203212,203213,203214,203215,203216,203217,203218,203219,203220,203221,203222,203223,203224,203225,203226,203227,203228,203229,203230,203231,203232,203233,203234,203235,203236,203237,203238,203239,203240,203241,203242,203243,203244,203245,203246,203247,203248,203249,203250,203251,203252,203253,203254,203255,203256,203257,203258,203259,203260,203261
8,800,'Weekday1111000',203262
8,801,'Saturday',203263,203264,203265,203266,203267,203268,203269,203270,203271,203272,203273,203274,203275,203276,203277,203278,203279,203280,203281,203282,203283,203284,203285,203286,203287,203288,203289,203290,203291,203292,203293,203294,203295,203296,203297,203298,203299
8,801,'Sunday',203300,203301,203302,203303,203304,203305,203306,203307,203308,203309,203310,203311,203312,203313,203314,203315,203316,203317,203318,203319,203320,203321,203322,203323,203324,203325,203326,203327,203328,203329,203330,203331,203332,203333,203334,203335,203336
8,801,'Weekday',203337,203338,203339,203340,203341,203342,203343,203344,203345,203346,203347,203348,203349,203350,203351,203352,203353,203354,203355,203356,203357,203358,203359,203360,203361,203362,203363,203364,203365,203366,203367,203368,203369,203370,203371,203372,203373,203374,203375,203376,203377,203378,203379,203380,203381,203382,203383,203384,203385,203386,203387,203388,203389,203390,203391,203392,203393,203394,203395,203396,203397,203398,203399,203400,203401,203402,203403,203404,203405,203406,203407,203408,203409
8,801,'Weekday0000100',203410,203411
8,801,'Weekday1111000',203412
9,900,'Saturday',203413,203414,203415,203416,203417,203418,203419,203420,203421,203422,203423,203424,203425,203426,203427,203428,203429,203430,203431,203432,203433,203434,203435,203436,203437,203438,203439,203440,203441,203442,203443,203444,203445,203446
9,900,'Sunday',203447,203448,203449,203450,203451,203452,203453,203454,203455,203456,203457,203458,203459,203460,203461,203462,203463,203464,203465,203466,203467,203468,203469,203470,203471,203472,203473,203474,203475,203476,203477,203478,203479,203480
9,900,'Weekday',203481,203482,203483,203484,203485,203486,203487,203488,203489,203490,203491,203492,203493,203494,203495,203496,203497,203498,203499,203500,203501,203502,203503,203504,203505,203506,203507,203508,203509,203510,203511,203512,203513,203514,203515,203516,203517,203518,203519,203520,203521,203522,203523,203524,203525,203526,203527,203528,203529,203530,203531,203532,203533,203534,203535,203536,203537
9,900,'Weekday0000100',203538
9,900,'Weekday1111000',203539
9,901,'Saturday',203540,203541,203542,203543,203544,203545,203546,203547,203548,203549,203550,203551,203552,203553,203554,203555,203556,203557,203558,203559,203560,203561,203562,203563,203564,203565,203566,203567,203568,203569,203570,203571,203572,203573,203574
9,901,'Sunday',203575,203576,203577,203578,203579,203580,203581,203582,203583,203584,203585,203586,203587,203588,203589,203590,203591,203592,203593,203594,203595,203596,203597,203598,203599,203600,203601,203602,203603,203604,203605,203606,203607,203608,203609
9,901,'Weekday',203610,203611,203612,203613,203614,203615,203616,203617,203618,203619,203620,203621,203622,203623,203624,203625,203626,203627,203628,203629,203630,203631,203632,203633,203634,203635,203636,203637,203638,203639,203640,203641,203642,203643,203644,203645,203646,203647,203648,203649,203650,203651,203652,203653,203654,203655,203656,203657,203658,203659,203660,203661,203662,203663,203664,203665,203666,203667,203668,203669,203670
10,1000,'Saturday',203671,203672,203673,203674,203675,203676,203677,203678,203679,203680,203681,203682,203683,203684,203685,203686,203687,203688,203689,203690,203691,203692,203693,203694,203695,203696,203697,203698,203699,203700
10,1000,'Sunday',203701,203702,203703,203704,203705,203706,203707,203708,203709,203710,203711,203712,203713,203714,203715,203716,203717,203718,203719,203720,203721,203722,203723,203724,203725,203726,203727,203728,203729,203730
10,1000,'Weekday',203731,203732,203733,203734,203735,203736,203737,203738,203739,203740,203741,203742,203743,203744,203745,203746,203747,203748,203749,203750,203751,203752,203753,203754,203755,203756,203757,203758,203759,203760,203761,203762,203763,203764,203765
10,1001,'Saturday',203766,203767,203768,203769,203770,203771,203772,203773,203774,203775,203776,203777,203778,203779,203780,203781,203782,203783,203784,203785,203786,203787,203788,203789,203790,203791,203792,203793
10,1001,'Sunday',203794,203795,203796,203797,203798,203799,203800,203801,203802,203803,203804,203805,203806,203807,203808,203809,203810,203811,203812,203813,203814,203815,203816,203817,203818,203819,203820,203821
10,1001,'Weekday',203822,203823,203824,203825,203826,203827,203828,203829,203830,203831,203832,203833,203834,203835,203836,203837,203838,203839,203840,203841,203842,203843,203844,203845,203846,203847,203848,203849,203850,203851,203852,203853,203854
11,1100,'Saturday',203855,203856,203857,203858,203859,203860,203861,203862,203863,203864,203865,203866,203867,203868,203869,203870,203871,203872,203873,203874,203875,203876,203877,203878,203879,203880,203881,203882,203883,203884,203885,203886
11,1100,'Sunday',203887,203888,203889,203890,203891,203892,203893,203894,203895,203896,203897,203898,203899,203900,203901,203902,203903,203904,203905,203906,203907,203908,203909,203910
11,1100,'Weekday',203911,203912,203913,203914,203915,203916,203917,203918,203919,203920,203921,203922,203923,203924,203925,203926,203927,203928,203929,203930,203931,203932,203933,203934,203935,203936,203937,203938,203939,203940,203941,203942,203943
12,1201,'Saturday',203944,203945,203946,203947,203948,203949,203950,203951,203952,203953,203954,203955,203956,203957,203958,203959,203960,203961,203962,203963,203964,203965,203966,203967,203968,203969,203970,203971,203972,203973,203974,203975,203976,203977
12,1201,'Sunday',203978,203979,203980,203981,203982,203983,203984,203985,203986,203987,203988,203989,203990,203991,203992,203993,203994,203995,203996,203997,203998,203999,204000,204001,204002,204003,204004,204005,204006,204007,204008,204009,204010
12,1201,'Weekday',204011,204012,204013,204014,204015,204016,204017,204018,204019,204020,204021,204022,204023,204024,204025,204026,204027,204028,204029,204030,204031,204032,204033,204034,204035,204036,204037,204038,204039,204040,204041,204042,204043,204044,204045,204046,204047,204048,204049,204050,204051
12,1201,'Weekday1111000',204052
13,1300,'Saturday',204053,204054,204055,204056,204057,204058,204059,204060,204061,204062,204063,204064,204065,204066,204067,204068,204069,204070,204071,204072,204073,204074,204075,204076,204077,204078,204079,204080,204081,204082
13,1300,'Sunday',204083,204084,204085,204086,204087,204088,204089,204090,204091,204092,204093,204094,204095,204096,204097,204098,204099,204100,204101,204102,204103,204104,204105,204106,204107,204108,204109,204110,204111,204112,204113,204114
13,1300,'Weekday',204115,204116,204117,204118,204119,204120,204121,204122,204123,204124,204125,204126,204127,204128,204129,204130,204131,204132,204133,204134,204135,204136,204137,204138,204139,204140,204141,204142,204143,204144,204145,204146,204147,204148,204149,204150
13,1301,'Saturday',204151,204152,204153,204154,204155,204156,204157,204158,204159,204160,204161,204162,204163,204164,204165,204166,204167,204168,204169,204170,204171,204172,204173,204174,204175,204176,204177,204178,204179,204180,204181
13,1301,'Sunday',204182,204183,204184,204185,204186,204187,204188,204189,204190,204191,204192,204193,204194,204195,204196,204197,204198,204199,204200,204201,204202,204203,204204,204205,204206,204207,204208,204209,204210,204211,204212,204213,204214
13,1301,'Weekday',204215,204216,204217,204218,204219,204220,204221,204222,204223,204224,204225,204226,204227,204228,204229,204230,204231,204232,204233,204234,204235,204236,204237,204238,204239,204240,204241,204242,204243,204244,204245,204246,204247,204248,204249
14,1400,'Saturday',204250,204251,204252,204253,204254,204255,204256,204257,204258,204259,204260,204261,204262,204263,204264,204265,204266,204267,204268,204269,204270,204271,204272,204273,204274,204275,204276,204277,204278,204279,204280,204281,204282,204283,204284,204285,204286,204287
14,1400,'Sunday',204288,204289,204290,204291,204292,204293,204294,204295,204296,204297,204298,204299,204300,204301,204302,204303,204304,204305,204306,204307,204308,204309,204310,204311,204312,204313,204314,204315,204316,204317,204318,204319,204320,204321,204322,204323,204324,204325
14,1400,'Weekday',204326,204327,204328,204329,204330,204331,204332,204333,204334,204335,204336,204337,204338,204339,204340,204341,204342,204343,204344,204345,204346,204347,204348,204349,204350,204351,204352,204353,204354,204355,204356,204357,204358,204359,204360,204361,204362,204363,204364,204365,204366,204367,204368,204369,204370,204371,204372,204373,204374,204375,204376,204377,204378,204379,204380,204381,204382,204383,204384,204385,204386,204387
14,1400,'Weekday0000100',204388
14,1401,'Saturday',204389,204390,204391,204392,204393,204394,204395,204396,204397,204398,204399,204400,204401,204402,204403,204404,204405,204406,204407,204408,204409,204410,204411,204412,204413,204414,204415,204416,204417,204418,204419,204420,204421,204422,204423,204424,204425,204426,204427
14,1401,'Sunday',204428,204429,204430,204431,204432,204433,204434,204435,204436,204437,204438,204439,204440,204441,204442,204443,204444,204445,204446,204447,204448,204449,204450,204451,204452,204453,204454,204455,204456,204457,204458,204459,204460,204461,204462,204463,204464,204465,204466
14,1401,'Weekday',204467,204468,204469,204470,204471,204472,204473,204474,204475,204476,204477,204478,204479,204480,204481,204482,204483,204484,204485,204486,204487,204488,204489,204490,204491,204492,204493,204494,204495,204496,204497,204498,204499,204500,204501,204502,204503,204504,204505,204506,204507,204508,204509,204510,204511,204512,204513,204514,204515,204516,204517,204518,204519,204520,204521,204522,204523,204524,204525,204526,204527,204528,204529,204530,204531,204532,204533,204534,204535,204536,204537,204538,204539,204540,204541,204542,204543,204544
14,1401,'Weekday0000100',204545
15,1500,'Saturday',204546,204547,204548,204549,204550,204551,204552,204553,204554,204555,204556,204557,204558,204559,204560,204561,204562,204563,204564,204565
15,1500,'Sunday',204566,204567,204568,204569,204570,204571,204572,204573,204574,204575,204576,204577,204578,204579
15,1500,'Weekday',204580,204581,204582,204583,204584,204585,204586,204587,204588,204589,204590,204591,204592,204593,204594,204595,204596,204597,204598,204599,204600,204601,204602,204603,204604,204605,204606
15,1501,'Saturday',204607,204608,204609,204610,204611,204612,204613,204614,204615,204616,204617,204618,204619,204620,204621,204622,204623,204624,204625
15,1501,'Sunday',204626,204627,204628,204629,204630,204631,204632,204633,204634,204635,204636,204637,204638
15,1501,'Weekday',204639,204640,204641,204642,204643,204644,204645,204646,204647,204648,204649,204650,204651,204652,204653,204654,204655,204656,204657,204658,204659,204660,204661,204662,204663,204664,204665
17,1700,'Saturday',204666,204667,204668,204669,204670,204671,204672,204673,204674,204675,204676,204677,204678,204679,204680,204681,204682,204683,204684,204685
17,1700,'Sunday',204686,204687,204688,204689,204690,204691,204692,204693,204694,204695,204696,204697,204698,204699,204700,204701,204702,204703
17,1700,'Weekday',204704,204705,204706,204707,204708,204709,204710,204711,204712,204713,204714,204715,204716,204717,204718,204719,204720,204721,204722,204723,204724,204725,204726,204727,204728,204729,204730,204731,204732,204733,204734,204735,204736,204737,204738,204739
17,1701,'Saturday',204740,204741,204742,204743,204744,204745,204746,204747,204748,204749,204750,204751,204752,204753,204754,204755,204756,204757
17,1701,'Sunday',204758,204759,204760,204761,204762,204763,204764,204765,204766,204767,204768,204769,204770,204771,204772,204773
17,1701,'Weekday',204774,204775,204776,204777,204778,204779,204780,204781,204782,204783,204784,204785,204786,204787,204788,204789,204790,204791,204792,204793,204794,204795,204796,204797,204798,204799,204800,204801,204802,204803,204804,204805,204806,204807
19,1900,'Saturday',204808,204809,204810,204811,204812,204813,204814,204815,204816,204817,204818,204819,204820,204821,204822,204823,204824,204825,204826,204827,204828,204829,204830,204831,204832,204833,204834,204835,204836,204837,204838,204839,204840,204841
19,1900,'Sunday',204842,204843,204844,204845,204846,204847,204848,204849,204850,204851,204852,204853,204854,204855,204856,204857,204858,204859,204860,204861,204862,204863,204864,204865,204866,204867,204868,204869,204870,204871,204872,204873,204874,204875
19,1900,'Weekday',204876,204877,204878,204879,204880,204881,204882,204883,204884,204885,204886,204887,204888,204889,204890,204891,204892,204893,204894,204895,204896,204897,204898,204899,204900,204901,204902,204903,204904,204905,204906,204907,204908,204909,204910,204911,204912,204913,204914,204915,204916
19,1900,'Weekday1111000',204917
19,1901,'Saturday',204918,204919,204920,204921,204922,204923,204924,204925,204926,204927,204928,204929,204930,204931,204932,204933,204934,204935,204936,204937,204938,204939,204940,204941,204942,204943,204944,204945,204946,204947,204948,204949,204950,204951
19,1901,'Sunday',204952,204953,204954,204955,204956,204957,204958,204959,204960,204961,204962,204963,204964,204965,204966,204967,204968,204969,204970,204971,204972,204973,204974,204975,204976,204977,204978,204979,204980,204981,204982,204983,204984,204985
19,1901,'Weekday',204986,204987,204988,204989,204990,204991,204992,204993,204994,204995,204996,204997,204998,204999,205000,205001,205002,205003,205004,205005,205006,205007,205008,205009,205010,205011,205012,205013,205014,205015,205016,205017,205018,205019,205020,205021,205022,205023,205024,205025,205026,205027,205028
19,1901,'Weekday0000100',205029
20,2000,'Saturday',205030,205031,205032,205033,205034,205035,205036,205037,205038,205039,205040,205041,205042,205043,205044,205045,205046,205047,205048,205049,205050,205051,205052,205053,205054,205055,205056,205057,205058,205059,205060,205061,205062,205063,205064,205065,205066,205067,205068,205069,205070
20,2000,'Sunday',205071,205072,205073,205074,205075,205076,205077,205078,205079,205080,205081,205082,205083,205084,205085,205086,205087,205088,205089,205090,205091,205092,205093,205094,205095,205096,205097,205098,205099,205100,205101,205102,205103,205104,205105,205106,205107,205108,205109,205110
20,2000,'Weekday',205111,205112,205113,205114,205115,205116,205117,205118,205119,205120,205121,205122,205123,205124,205125,205126,205127,205128,205129,205130,205131,205132,205133,205134,205135,205136,205137,205138,205139,205140,205141,205142,205143,205144,205145,205146,205147,205148,205149,205150,205151,205152,205153,205154,205155,205156,205157,205158,205159,205160,205161,205162,205163,205164,205165,205166,205167,205168,205169,205170
20,2000,'Weekday0000100',205171
20,2001,'Saturday',205172,205173,205174,205175,205176,205177,205178,205179,205180,205181,205182,205183,205184,205185,205186,205187,205188,205189,205190,205191,205192,205193,205194,205195,205196,205197,205198,205199,205200,205201,205202,205203,205204,205205,205206,205207,205208,205209,205210,205211,205212,205213,205214,205215,205216
20,2001,'Sunday',205217,205218,205219,205220,205221,205222,205223,205224,205225,205226,205227,205228,205229,205230,205231,205232,205233,205234,205235,205236,205237,205238,205239,205240,205241,205242,205243,205244,205245,205246,205247,205248,205249,205250,205251,205252,205253,205254,205255,205256,205257,205258,205259,205260
20,2001,'Weekday',205261,205262,205263,205264,205265,205266,205267,205268,205269,205270,205271,205272,205273,205274,205275,205276,205277,205278,205279,205280,205281,205282,205283,205284,205285,205286,205287,205288,205289,205290,205291,205292,205293,205294,205295,205296,205297,205298,205299,205300,205301,205302,205303,205304,205305,205306,205307,205308,205309,205310,205311,205312,205313,205314,205315,205316,205317,205318,205319,205320,205321,205322,205323,205324,205325,205326,205327,205328,205329
20,2001,'Weekday0000100',205330
21,2101,'Saturday',205331,205332,205333,205334,205335,205336,205337,205338,205339,205340,205341,205342,205343,205344,205345,205346,205347,205348,205349,205350,205351,205352,205353,205354,205355,205356,205357,205358,205359,205360,205361,205362,205363,205364
21,2101,'Sunday',205365,205366,205367,205368,205369,205370,205371,205372,205373,205374,205375,205376,205377,205378,205379,205380,205381,205382,205383,205384,205385,205386,205387,205388,205389,205390,205391,205392,205393,205394,205395,205396,205397,205398
21,2101,'Weekday',205399,205400,205401,205402,205403,205404,205405,205406,205407,205408,205409,205410,205411,205412,205413,205414,205415,205416,205417,205418,205419,205420,205421,205422,205423,205424,205425,205426,205427,205428,205429,205430,205431,205432,205433,205434,205435,205436,205437,205438,205439,205440,205441,205442,205443,205444,205445,205446,205447,205448,205449,205450,205451,205452,205453,205454,205455,205456,205457,205458,205459,205460,205461
22,2200,'Saturday',205462,205463,205464,205465,205466,205467,205468,205469,205470,205471,205472,205473,205474,205475,205476,205477,205478,205479,205480,205481,205482,205483,205484,205485,205486,205487,205488,205489
22,2200,'Sunday',205490,205491,205492,205493,205494,205495,205496,205497,205498,205499,205500,205501,205502,205503,205504,205505,205506,205507,205508,205509,205510,205511,205512,205513,205514,205515,205516
22,2200,'Weekday',205517,205518,205519,205520,205521,205522,205523,205524,205525,205526,205527,205528,205529,205530,205531,205532,205533,205534,205535,205536,205537,205538,205539,205540,205541,205542,205543,205544,205545,205546,205547,205548,205549,205550,205551,205552,205553,205554,205555
22,2201,'Saturday',205556,205557,205558,205559,205560,205561,205562,205563,205564,205565,205566,205567,205568,205569,205570,205571,205572,205573,205574,205575,205576,205577,205578,205579,205580,205581,205582,205583
22,2201,'Sunday',205584,205585,205586,205587,205588,205589,205590,205591,205592,205593,205594,205595,205596,205597,205598,205599,205600,205601,205602,205603,205604,205605,205606,205607,205608,205609,205610
22,2201,'Weekday',205611,205612,205613,205614,205615,205616,205617,205618,205619,205620,205621,205622,205623,205624,205625,205626,205627,205628,205629,205630,205631,205632,205633,205634,205635,205636,205637,205638,205639,205640,205641,205642,205643,205644,205645,205646,205647,205648
22,2201,'Weekday1111000',205649
23,2300,'Saturday',205650,205651,205652,205653,205654,205655,205656,205657,205658,205659,205660,205661,205662,205663,205664,205665,205666,205667,205668,205669,205670,205671,205672,205673,205674,205675,205676,205677,205678,205679,205680,205681,205682,205683,205684,205685,205686,205687,205688,205689,205690,205691,205692,205693,205694,205695,205696,205697,205698,205699,205700,205701,205702,205703,205704,205705,205706,205707,205708,205709,205710,205711,205712,205713
23,2300,'Sunday',205714,205715,205716,205717,205718,205719,205720,205721,205722,205723,205724,205725,205726,205727,205728,205729,205730,205731,205732,205733,205734,205735,205736,205737,205738,205739,205740,205741,205742,205743,205744,205745,205746,205747,205748,205749,205750,205751,205752,205753,205754,205755,205756,205757,205758,205759,205760,205761,205762,205763,205764,205765,205766,205767,205768,205769,205770,205771,205772,205773,205774,205775,205776,205777
23,2300,'Weekday',205778,205779,205780,205781,205782,205783,205784,205785,205786,205787,205788,205789,205790,205791,205792,205793,205794,205795,205796,205797,205798,205799,205800,205801,205802,205803,205804,205805,205806,205807,205808,205809,205810,205811,205812,205813,205814,205815,205816,205817,205818,205819,205820,205821,205822,205823,205824,205825,205826,205827,205828,205829,205830,205831,205832,205833,205834,205835,205836,205837,205838,205839,205840,205841,205842,205843,205844,205845,205846,205847,205848,205849,205850,205851,205852,205853,205854,205855,205856,205857,205858,205859
23,2300,'Weekday0000100',205860,205861,205862,205863
23,2300,'Weekday1111000',205864,205865,205866
23,2301,'Saturday',205867,205868,205869,205870,205871,205872,205873,205874,205875,205876,205877,205878,205879,205880,205881,205882,205883,205884,205885,205886,205887,205888,205889,205890,205891,205892,205893,205894,205895,205896,205897,205898,205899,205900,205901,205902,205903,205904,205905,205906,205907,205908,205909,205910,205911,205912,205913,205914,205915,205916,205917,205918,205919,205920,205921,205922,205923,205924,205925,205926,205927,205928,205929,205930,205931
23,2301,'Sunday',205932,205933,205934,205935,205936,205937,205938,205939,205940,205941,205942,205943,205944,205945,205946,205947,205948,205949,205950,205951,205952,205953,205954,205955,205956,205957,205958,205959,205960,205961,205962,205963,205964,205965,205966,205967,205968,205969,205970,205971,205972,205973,205974,205975,205976,205977,205978,205979,205980,205981,205982,205983,205984,205985,205986,205987,205988,205989,205990,205991,205992,205993,205994,205995,205996
23,2301,'Weekday',205997,205998,205999,206000,206001,206002,206003,206004,206005,206006,206007,206008,206009,206010,206011,206012,206013,206014,206015,206016,206017,206018,206019,206020,206021,206022,206023,206024,206025,206026,206027,206028,206029,206030,206031,206032,206033,206034,206035,206036,206037,206038,206039,206040,206041,206042,206043,206044,206045,206046,206047,206048,206049,206050,206051,206052,206053,206054,206055,206056,206057,206058,206059,206060,206061,206062,206063,206064,206065,206066,206067,206068,206069,206070,206071,206072,206073,206074,206075,206076,206077,206078,206079
24,2400,'Saturday',206080,206081,206082,206083,206084,206085,206086,206087,206088,206089,206090,206091,206092,206093,206094,206095,206096,206097,206098,206099,206100,206101,206102,206103,206104,206105,206106,206107,206108,206109,206110,206111,206112,206113,206114
24,2400,'Sunday',206115,206116,206117,206118,206119,206120,206121,206122,206123,206124,206125,206126,206127,206128,206129,206130,206131,206132,206133,206134,206135,206136,206137,206138,206139,206140,206141,206142,206143,206144,206145,206146,206147,206148,206149
24,2400,'Weekday',206150,206151,206152,206153,206154,206155,206156,206157,206158,206159,206160,206161,206162,206163,206164,206165,206166,206167,206168,206169,206170,206171,206172,206173,206174,206175,206176,206177,206178,206179,206180,206181,206182,206183,206184,206185,206186,206187,206188,206189,206190
24,2401,'Saturday',206191,206192,206193,206194,206195,206196,206197,206198,206199,206200,206201,206202,206203,206204,206205,206206,206207,206208,206209,206210,206211,206212,206213,206214,206215,206216,206217,206218,206219,206220,206221,206222
24,2401,'Sunday',206223,206224,206225,206226,206227,206228,206229,206230,206231,206232,206233,206234,206235,206236,206237,206238,206239,206240,206241,206242,206243,206244,206245,206246,206247,206248,206249,206250,206251,206252,206253,206254
24,2401,'Weekday',206255,206256,206257,206258,206259,206260,206261,206262,206263,206264,206265,206266,206267,206268,206269,206270,206271,206272,206273,206274,206275,206276,206277,206278,206279,206280,206281,206282,206283,206284,206285,206286,206287,206288,206289,206290,206291,206292
26,2600,'Saturday',206293,206294,206295,206296,206297,206298,206299,206300,206301,206302,206303,206304,206305,206306,206307,206308,206309,206310,206311,206312
26,2600,'Sunday',206313,206314,206315,206316,206317,206318,206319,206320,206321,206322,206323,206324,206325,206326,206327,206328,206329,206330,206331,206332
26,2600,'Weekday',206333,206334,206335,206336,206337,206338,206339,206340,206341,206342,206343,206344,206345,206346,206347,206348,206349,206350,206351,206352,206353,206354,206355,206356,206357,206358,206359,206360,206361,206362,206363,206364,206365,206366
26,2600,'Weekday0000100',206367,206368
26,2600,'Weekday1111000',206369
26,2601,'Saturday',206370,206371,206372,206373,206374,206375,206376,206377,206378,206379,206380,206381,206382,206383,206384,206385,206386,206387,206388,206389
26,2601,'Sunday',206390,206391,206392,206393,206394,206395,206396,206397,206398,206399,206400,206401,206402,206403,206404,206405,206406,206407,206408,206409
26,2601,'Weekday',206410,206411,206412,206413,206414,206415,206416,206417,206418,206419,206420,206421,206422,206423,206424,206425,206426,206427,206428,206429,206430,206431,206432,206433,206434,206435,206436,206437,206438,206439,206440,206441,206442,206443
27,2700,'Weekday',206444,206445,206446,206447,206448,206449,206450,206451,206452,206453,206454,206455,206456,206457,206458,206459,206460,206461,206462,206463,206464,206465,206466,206467,206468,206469,206470,206471,206472,206473,206474,206475,206476,206477,206478,206479,206480,206481,206482,206483,206484
28,2800,'Saturday',206485,206486,206487,206488,206489,206490,206491,206492,206493,206494,206495,206496,206497,206498,206499,206500,206501,206502,206503,206504,206505,206506,206507,206508,206509,206510,206511,206512,206513,206514,206515,206516,206517
28,2800,'Sunday',206518,206519,206520,206521,206522,206523,206524,206525,206526,206527,206528,206529,206530,206531,206532,206533,206534,206535,206536,206537,206538,206539,206540,206541,206542,206543,206544,206545,206546,206547
28,2800,'Weekday',206548,206549,206550,206551,206552,206553,206554,206555,206556,206557,206558,206559,206560,206561,206562,206563,206564,206565,206566,206567,206568,206569,206570,206571,206572,206573,206574,206575,206576,206577,206578,206579,206580,206581,206582,206583,206584,206585
29,2901,'Saturday',206586,206587,206588,206589,206590,206591,206592,206593,206594,206595,206596,206597,206598,206599,206600,206601,206602,206603,206604,206605,206606,206607
29,2901,'Sunday',206608,206609,206610,206611,206612,206613,206614,206615,206616,206617,206618,206619,206620,206621,206622,206623,206624,206625,206626,206627,206628,206629
29,2901,'Weekday',206630,206631,206632,206633,206634,206635,206636,206637,206638,206639,206640,206641,206642,206643,206644,206645,206646,206647,206648,206649,206650,206651,206652,206653,206654,206655,206656,206657,206658,206659,206660,206661,206662
32,3200,'Saturday',206663,206664,206665,206666,206667,206668,206669,206670,206671,206672,206673,206674,206675,206676,206677,206678,206679,206680,206681,206682,206683,206684,206685,206686,206687,206688,206689,206690,206691,206692,206693,206694,206695,206696,206697
32,3200,'Sunday',206698,206699,206700,206701,206702,206703,206704,206705,206706,206707,206708,206709,206710,206711,206712,206713,206714,206715,206716,206717,206718,206719,206720,206721,206722,206723,206724,206725,206726,206727,206728,206729,206730,206731,206732
32,3200,'Weekday',206733,206734,206735,206736,206737,206738,206739,206740,206741,206742,206743,206744,206745,206746,206747,206748,206749,206750,206751,206752,206753,206754,206755,206756,206757,206758,206759,206760,206761,206762,206763,206764,206765,206766,206767,206768,206769,206770,206771,206772,206773,206774,206775,206776,206777,206778,206779,206780,206781,206782,206783,206784
32,3201,'Saturday',206785,206786,206787,206788,206789,206790,206791,206792,206793,206794,206795,206796,206797,206798,206799,206800,206801,206802,206803,206804,206805,206806,206807,206808,206809,206810,206811,206812,206813,206814,206815,206816,206817,206818,206819,206820
32,3201,'Sunday',206821,206822,206823,206824,206825,206826,206827,206828,206829,206830,206831,206832,206833,206834,206835,206836,206837,206838,206839,206840,206841,206842,206843,206844,206845,206846,206847,206848,206849,206850,206851,206852,206853,206854,206855,206856
32,3201,'Weekday',206857,206858,206859,206860,206861,206862,206863,206864,206865,206866,206867,206868,206869,206870,206871,206872,206873,206874,206875,206876,206877,206878,206879,206880,206881,206882,206883,206884,206885,206886,206887,206888,206889,206890,206891,206892,206893,206894,206895,206896,206897,206898,206899,206900,206901,206902,206903,206904,206905,206906
33,3300,'Saturday',206907,206908,206909,206910,206911,206912,206913,206914,206915,206916,206917,206918,206919,206920,206921,206922,206923,206924,206925,206926,206927,206928,206929,206930,206931,206932,206933,206934,206935,206936,206937,206938,206939
33,3300,'Sunday',206940,206941,206942,206943,206944,206945,206946,206947,206948,206949,206950,206951,206952,206953,206954,206955,206956,206957
33,3300,'Weekday',206958,206959,206960,206961,206962,206963,206964,206965,206966,206967,206968,206969,206970,206971,206972,206973,206974,206975,206976,206977,206978,206979,206980,206981,206982,206983,206984,206985
33,3301,'Saturday',206986,206987,206988,206989,206990,206991,206992,206993,206994,206995,206996,206997,206998,206999,207000,207001,207002,207003,207004,207005,207006,207007,207008,207009,207010,207011,207012,207013,207014,207015,207016,207017,207018,207019
33,3301,'Sunday',207020,207021,207022,207023,207024,207025,207026,207027,207028,207029,207030,207031,207032,207033,207034,207035,207036,207037
33,3301,'Weekday',207038,207039,207040,207041,207042,207043,207044,207045,207046,207047,207048,207049,207050,207051,207052,207053,207054,207055,207056,207057,207058,207059,207060,207061,207062,207063,207064,207065
34,3400,'Saturday',207066,207067,207068,207069,207070,207071,207072,207073,207074,207075,207076,207077,207078,207079,207080,207081,207082,207083,207084,207085,207086,207087,207088,207089,207090
34,3400,'Sunday',207091,207092,207093,207094,207095,207096,207097,207098,207099,207100,207101,207102,207103,207104,207105,207106,207107,207108,207109,207110,207111,207112,207113,207114,207115
34,3400,'Weekday',207116,207117,207118,207119,207120,207121,207122,207123,207124,207125,207126,207127,207128,207129,207130,207131,207132,207133,207134,207135,207136,207137,207138,207139,207140,207141,207142,207143,207144,207145,207146,207147,207148,207149,207150,207151,207152,207153,207154,207155,207156,207157,207158,207159,207160,207161,207162,207163,207164,207165,207166,207167
35,3500,'Saturday',207168,207169,207170,207171,207172,207173,207174,207175,207176,207177,207178,207179,207180,207181,207182
35,3500,'Sunday',207183,207184,207185,207186,207187,207188,207189,207190,207191,207192,207193,207194,207195
35,3500,'Weekday',207196,207197,207198,207199,207200,207201,207202,207203,207204,207205,207206,207207,207208,207209,207210,207211,207212,207213,207214,207215,207216,207217,207218,207219,207220
35,3501,'Saturday',207221,207222,207223,207224,207225,207226,207227,207228,207229,207230,207231,207232,207233,207234,207235
35,3501,'Sunday',207236,207237,207238,207239,207240,207241,207242,207243,207244,207245,207246,207247,207248
35,3501,'Weekday',207249,207250,207251,207252,207253,207254,207255,207256,207257,207258,207259,207260,207261,207262,207263,207264,207265,207266,207267,207268,207269,207270,207271,207272,207273
36,3600,'Saturday',207274,207275,207276,207277,207278,207279,207280,207281,207282,207283,207284,207285,207286,207287,207288,207289,207290,207291,207292,207293,207294,207295,207296,207297
36,3600,'Sunday',207298,207299,207300,207301,207302,207303,207304,207305,207306,207307,207308,207309,207310,207311,207312,207313,207314,207315,207316,207317,207318,207319
36,3600,'Weekday',207320,207321,207322,207323,207324,207325,207326,207327,207328,207329,207330,207331,207332,207333,207334,207335,207336,207337,207338,207339,207340,207341,207342,207343,207344,207345,207346,207347,207348,207349,207350
37,3700,'Saturday',207351,207352,207353,207354,207355,207356,207357,207358,207359,207360,207361,207362,207363,207364,207365,207366,207367,207368,207369,207370,207371,207372,207373,207374,207375,207376,207377,207378,207379,207380,207381,207382,207383,207384,207385,207386,207387,207388,207389,207390,207391,207392,207393,207394,207395,207396,207397,207398,207399,207400,207401
37,3700,'Sunday',207402,207403,207404,207405,207406,207407,207408,207409,207410,207411,207412,207413,207414,207415,207416,207417,207418,207419,207420,207421,207422,207423,207424,207425,207426,207427,207428,207429,207430,207431,207432,207433,207434,207435,207436,207437,207438,207439,207440,207441,207442,207443,207444,207445,207446,207447,207448,207449,207450,207451,207452
37,3700,'Weekday',207453,207454,207455,207456,207457,207458,207459,207460,207461,207462,207463,207464,207465,207466,207467,207468,207469,207470,207471,207472,207473,207474,207475,207476,207477,207478,207479,207480,207481,207482,207483,207484,207485,207486,207487,207488,207489,207490,207491,207492,207493,207494,207495,207496,207497,207498,207499,207500,207501,207502,207503,207504,207505,207506,207507,207508,207509,207510
37,3701,'Saturday',207511,207512,207513,207514,207515,207516,207517,207518,207519,207520,207521,207522,207523,207524,207525,207526,207527,207528,207529,207530,207531,207532,207533,207534,207535,207536,207537,207538,207539,207540,207541,207542,207543,207544,207545,207546,207547,207548,207549,207550,207551,207552,207553,207554,207555,207556,207557,207558,207559,207560
37,3701,'Sunday',207561,207562,207563,207564,207565,207566,207567,207568,207569,207570,207571,207572,207573,207574,207575,207576,207577,207578,207579,207580,207581,207582,207583,207584,207585,207586,207587,207588,207589,207590,207591,207592,207593,207594,207595,207596,207597,207598,207599,207600,207601,207602,207603,207604,207605,207606,207607,207608,207609,207610
37,3701,'Weekday',207611,207612,207613,207614,207615,207616,207617,207618,207619,207620,207621,207622,207623,207624,207625,207626,207627,207628,207629,207630,207631,207632,207633,207634,207635,207636,207637,207638,207639,207640,207641,207642,207643,207644,207645,207646,207647,207648,207649,207650,207651,207652,207653,207654,207655,207656,207657,207658,207659,207660,207661,207662,207663,207664,207665,207666,207667,207668,207669
38,3800,'Saturday',207670,207671,207672,207673,207674,207675,207676,207677,207678,207679,207680,207681,207682,207683,207684,207685,207686,207687,207688,207689,207690,207691,207692,207693,207694,207695,207696,207697,207698,207699,207700,207701,207702,207703,207704,207705,207706,207707,207708,207709,207710,207711,207712,207713,207714,207715,207716,207717,207718,207719,207720,207721,207722,207723,207724
38,3800,'Sunday',207725,207726,207727,207728,207729,207730,207731,207732,207733,207734,207735,207736,207737,207738,207739,207740,207741,207742,207743,207744,207745,207746,207747,207748,207749,207750,207751,207752,207753,207754,207755,207756,207757,207758,207759,207760,207761,207762,207763,207764,207765,207766,207767,207768,207769,207770,207771,207772,207773,207774,207775,207776,207777,207778,207779
38,3800,'Weekday',207780,207781,207782,207783,207784,207785,207786,207787,207788,207789,207790,207791,207792,207793,207794,207795,207796,207797,207798,207799,207800,207801,207802,207803,207804,207805,207806,207807,207808,207809,207810,207811,207812,207813,207814,207815,207816,207817,207818,207819,207820,207821,207822,207823,207824,207825,207826,207827,207828,207829,207830,207831,207832,207833,207834,207835,207836,207837,207838,207839,207840,207841,207842,207843,207844,207845,207846,207847,207848,207849,207850,207851,207852,207853,207854,207855
38,3800,'Weekday0000100',207856,207857,207858
38,3800,'Weekday1111000',207859,207860,207861
38,3801,'Saturday',207862,207863,207864,207865,207866,207867,207868,207869,207870,207871,207872,207873,207874,207875,207876,207877,207878,207879,207880,207881,207882,207883,207884,207885,207886,207887,207888,207889,207890,207891,207892,207893,207894,207895,207896,207897,207898,207899,207900,207901,207902,207903,207904,207905,207906,207907,207908,207909,207910,207911,207912,207913,207914,207915,207916
38,3801,'Sunday',207917,207918,207919,207920,207921,207922,207923,207924,207925,207926,207927,207928,207929,207930,207931,207932,207933,207934,207935,207936,207937,207938,207939,207940,207941,207942,207943,207944,207945,207946,207947,207948,207949,207950,207951,207952,207953,207954,207955,207956,207957,207958,207959,207960,207961,207962,207963,207964,207965,207966,207967,207968,207969,207970,207971
38,3801,'Weekday',207972,207973,207974,207975,207976,207977,207978,207979,207980,207981,207982,207983,207984,207985,207986,207987,207988,207989,207990,207991,207992,207993,207994,207995,207996,207997,207998,207999,208000,208001,208002,208003,208004,208005,208006,208007,208008,208009,208010,208011,208012,208013,208014,208015,208016,208017,208018,208019,208020,208021,208022,208023,208024,208025,208026,208027,208028,208029,208030,208031,208032,208033,208034,208035,208036,208037,208038,208039,208040,208041,208042,208043,208044,208045,208046,208047,208048,208049,208050,208051
38,3801,'Weekday0000100',208052
38,3801,'Weekday1111000',208053
40,4000,'Saturday',208054,208055,208056,208057,208058,208059,208060,208061,208062,208063,208064,208065,208066,208067,208068,208069,208070,208071,208072
40,4000,'Sunday',208073,208074,208075,208076,208077,208078,208079,208080,208081,208082,208083,208084,208085,208086,208087,208088,208089,208090,208091
40,4000,'Weekday',208092,208093,208094,208095,208096,208097,208098,208099,208100,208101,208102,208103,208104,208105,208106,208107,208108,208109,208110,208111,208112,208113,208114,208115,208116,208117,208118,208119,208120
40,4001,'Saturday',208121,208122,208123,208124,208125,208126,208127,208128,208129,208130,208131,208132,208133,208134,208135,208136,208137,208138,208139,208140
40,4001,'Sunday',208141,208142,208143,208144,208145,208146,208147,208148,208149,208150,208151,208152,208153,208154,208155,208156,208157,208158,208159,208160
40,4001,'Weekday',208161,208162,208163,208164,208165,208166,208167,208168,208169,208170,208171,208172,208173,208174,208175,208176,208177,208178,208179,208180,208181,208182,208183,208184,208185,208186,208187,208188,208189,208190
41,4100,'Saturday',208191,208192,208193,208194,208195,208196,208197,208198,208199,208200,208201,208202,208203,208204,208205,208206,208207,208208,208209
41,4100,'Weekday',208210,208211,208212,208213,208214,208215,208216,208217,208218,208219,208220,208221,208222,208223,208224,208225,208226,208227,208228,208229,208230,208231,208232,208233
41,4100,'Weekday0000100',208234
41,4100,'Weekday1111000',208235
42,4200,'Saturday',208236,208237,208238,208239,208240,208241,208242,208243,208244,208245,208246,208247,208248,208249,208250,208251,208252,208253,208254,208255,208256,208257,208258,208259,208260,208261,208262,208263
42,4200,'Sunday',208264,208265,208266,208267,208268,208269,208270,208271,208272,208273,208274,208275,208276,208277,208278,208279,208280,208281,208282,208283,208284,208285,208286,208287,208288,208289,208290,208291
42,4200,'Weekday',208292,208293,208294,208295,208296,208297,208298,208299,208300,208301,208302,208303,208304,208305,208306,208307,208308,208309,208310,208311,208312,208313,208314,208315,208316,208317,208318,208319,208320,208321,208322,208323,208324,208325,208326,208327,208328,208329,208330,208331,208332,208333,208334,208335,208336,208337,208338,208339,208340,208341,208342,208343,208344,208345,208346,208347,208348,208349,208350,208351,208352,208353,208354,208355,208356,208357,208358,208359
42,4200,'Weekday0000100',208360,208361
42,4200,'Weekday1111000',208362
43,4300,'Saturday',208363,208364,208365,208366,208367,208368,208369,208370,208371,208372,208373,208374,208375,208376,208377,208378,208379,208380,208381,208382,208383,208384,208385,208386,208387,208388,208389,208390,208391,208392,208393,208394,208395,208396,208397,208398,208399,208400,208401,208402,208403,208404,208405,208406,208407,208408,208409,208410,208411,208412,208413,208414,208415,208416,208417
43,4300,'Sunday',208418,208419,208420,208421,208422,208423,208424,208425,208426,208427,208428,208429,208430,208431,208432,208433,208434,208435,208436,208437,208438,208439,208440,208441,208442,208443,208444,208445,208446,208447,208448,208449,208450,208451,208452,208453,208454,208455,208456,208457,208458,208459,208460,208461,208462,208463,208464,208465,208466,208467,208468,208469,208470,208471,208472
43,4300,'Weekday',208473,208474,208475,208476,208477,208478,208479,208480,208481,208482,208483,208484,208485,208486,208487,208488,208489,208490,208491,208492,208493,208494,208495,208496,208497,208498,208499,208500,208501,208502,208503,208504,208505,208506,208507,208508,208509,208510,208511,208512,208513,208514,208515,208516,208517,208518,208519,208520,208521,208522,208523,208524,208525,208526,208527,208528,208529,208530,208531,208532,208533,208534,208535,208536,208537,208538,208539,208540,208541,208542,208543,208544,208545,208546,208547,208548
43,4301,'Saturday',208549,208550,208551,208552,208553,208554,208555,208556,208557,208558,208559,208560,208561,208562,208563,208564,208565,208566,208567,208568,208569,208570,208571,208572,208573,208574,208575,208576,208577,208578,208579,208580,208581,208582,208583,208584,208585,208586,208587,208588,208589,208590,208591,208592,208593,208594,208595,208596,208597,208598,208599,208600
43,4301,'Sunday',208601,208602,208603,208604,208605,208606,208607,208608,208609,208610,208611,208612,208613,208614,208615,208616,208617,208618,208619,208620,208621,208622,208623,208624,208625,208626,208627,208628,208629,208630,208631,208632,208633,208634,208635,208636,208637,208638,208639,208640,208641,208642,208643,208644,208645,208646,208647,208648,208649,208650,208651,208652
43,4301,'Weekday',208653,208654,208655,208656,208657,208658,208659,208660,208661,208662,208663,208664,208665,208666,208667,208668,208669,208670,208671,208672,208673,208674,208675,208676,208677,208678,208679,208680,208681,208682,208683,208684,208685,208686,208687,208688,208689,208690,208691,208692,208693,208694,208695,208696,208697,208698,208699,208700,208701,208702,208703,208704,208705,208706,208707,208708,208709,208710,208711,208712,208713,208714,208715,208716,208717,208718,208719,208720,208721,208722,208723,208724,208725,208726,208727,208728
44,4400,'Saturday',208729,208730,208731,208732,208733,208734,208735,208736,208737,208738,208739,208740,208741,208742,208743,208744,208745,208746,208747,208748
44,4400,'Weekday',208749,208750,208751,208752,208753,208754,208755,208756,208757,208758,208759,208760,208761,208762,208763,208764,208765,208766,208767,208768,208769,208770
44,4401,'Saturday',208771,208772,208773,208774,208775,208776,208777,208778,208779,208780,208781,208782,208783,208784,208785,208786,208787,208788,208789,208790,208791
44,4401,'Weekday',208792,208793,208794,208795,208796,208797,208798,208799,208800,208801,208802,208803,208804,208805,208806,208807,208808,208809,208810,208811,208812,208813
46,4600,'Saturday',208814,208815,208816,208817,208818,208819,208820,208821,208822,208823,208824,208825,208826,208827,208828,208829,208830,208831,208832,208833,208834,208835,208836,208837,208838,208839,208840,208841,208842,208843,208844,208845,208846,208847,208848,208849,208850,208851,208852,208853,208854,208855
46,4600,'Sunday',208856,208857,208858,208859,208860,208861,208862,208863,208864,208865,208866,208867,208868,208869,208870,208871,208872,208873,208874,208875,208876,208877,208878,208879,208880,208881,208882,208883,208884,208885,208886,208887,208888,208889,208890,208891,208892,208893,208894,208895,208896,208897
46,4600,'Weekday',208898,208899,208900,208901,208902,208903,208904,208905,208906,208907,208908,208909,208910,208911,208912,208913,208914,208915,208916,208917,208918,208919,208920,208921,208922,208923,208924,208925,208926,208927,208928,208929,208930,208931,208932,208933,208934,208935,208936,208937,208938,208939,208940,208941,208942,208943,208944,208945,208946,208947,208948,208949,208950,208951,208952,208953,208954,208955,208956
46,4600,'Weekday0000100',208957
46,4600,'Weekday1111000',208958
46,4601,'Saturday',208959,208960,208961,208962,208963,208964,208965,208966,208967,208968,208969,208970,208971,208972,208973,208974,208975,208976,208977,208978,208979,208980,208981,208982,208983,208984,208985,208986,208987,208988,208989,208990,208991,208992,208993,208994,208995,208996,208997,208998,208999,209000
46,4601,'Sunday',209001,209002,209003,209004,209005,209006,209007,209008,209009,209010,209011,209012,209013,209014,209015,209016,209017,209018,209019,209020,209021,209022,209023,209024,209025,209026,209027,209028,209029,209030,209031,209032,209033,209034,209035,209036,209037,209038,209039,209040,209041,209042
46,4601,'Weekday',209043,209044,209045,209046,209047,209048,209049,209050,209051,209052,209053,209054,209055,209056,209057,209058,209059,209060,209061,209062,209063,209064,209065,209066,209067,209068,209069,209070,209071,209072,209073,209074,209075,209076,209077,209078,209079,209080,209081,209082,209083,209084,209085,209086,209087,209088,209089,209090,209091,209092,209093,209094,209095,209096,209097,209098
47,4700,'Saturday',209099,209100,209101,209102,209103,209104,209105,209106,209107,209108,209109,209110,209111,209112,209113,209114,209115,209116,209117,209118,209119,209120,209121,209122,209123,209124,209125,209126,209127,209128
47,4700,'Sunday',209129,209130,209131,209132,209133,209134,209135,209136,209137,209138,209139,209140,209141,209142,209143,209144,209145,209146,209147,209148,209149,209150,209151,209152,209153,209154,209155,209156,209157,209158
47,4700,'Weekday',209159,209160,209161,209162,209163,209164,209165,209166,209167,209168,209169,209170,209171,209172,209173,209174,209175,209176,209177,209178,209179,209180,209181,209182,209183,209184,209185,209186,209187,209188,209189,209190,209191,209192,209193,209194,209195,209196,209197,209198,209199,209200,209201,209202,209203,209204,209205,209206,209207,209208,209209
47,4700,'Weekday0000100',209210
47,4700,'Weekday1111000',209211
47,4701,'Saturday',209212,209213,209214,209215,209216,209217,209218,209219,209220,209221,209222,209223,209224,209225,209226,209227,209228,209229,209230,209231,209232,209233,209234,209235,209236,209237,209238,209239,209240,209241
47,4701,'Sunday',209242,209243,209244,209245,209246,209247,209248,209249,209250,209251,209252,209253,209254,209255,209256,209257,209258,209259,209260,209261,209262,209263,209264,209265,209266,209267,209268,209269,209270,209271
47,4701,'Weekday',209272,209273,209274,209275,209276,209277,209278,209279,209280,209281,209282,209283,209284,209285,209286,209287,209288,209289,209290,209291,209292,209293,209294,209295,209296,209297,209298,209299,209300,209301,209302,209303,209304,209305,209306,209307,209308,209309,209310,209311,209312,209313,209314,209315,209316,209317,209318,209319,209320,209321,209322,209323
48,4801,'Saturday',209324,209325,209326,209327,209328,209329,209330,209331,209332,209333,209334,209335,209336,209337,209338,209339,209340,209341,209342,209343,209344,209345,209346,209347,209348,209349,209350,209351,209352,209353,209354,209355
48,4801,'Sunday',209356,209357,209358,209359,209360,209361,209362,209363,209364,209365,209366,209367,209368,209369,209370,209371,209372,209373,209374,209375,209376,209377,209378,209379,209380,209381,209382,209383,209384,209385,209386,209387
48,4801,'Weekday',209388,209389,209390,209391,209392,209393,209394,209395,209396,209397,209398,209399,209400,209401,209402,209403,209404,209405,209406,209407,209408,209409,209410,209411,209412,209413,209414,209415,209416,209417,209418,209419,209420,209421,209422,209423,209424,209425,209426,209427,209428,209429,209430,209431,209432,209433,209434,209435,209436,209437,209438,209439,209440
48,4801,'Weekday0000100',209441
48,4801,'Weekday1111000',209442
49,4901,'Saturday',209443,209444,209445,209446,209447,209448,209449,209450,209451,209452,209453,209454,209455,209456,209457,209458,209459,209460,209461,209462,209463,209464,209465,209466,209467,209468,209469,209470,209471
49,4901,'Sunday',209472,209473,209474,209475,209476,209477,209478,209479,209480,209481,209482,209483,209484,209485,209486,209487,209488,209489,209490,209491,209492,209493,209494,209495,209496,209497,209498,209499,209500,209501,209502,209503
49,4901,'Weekday',209504,209505,209506,209507,209508,209509,209510,209511,209512,209513,209514,209515,209516,209517,209518,209519,209520,209521,209522,209523,209524,209525,209526,209527,209528,209529,209530,209531,209532,209533,209534,209535,209536,209537,209538,209539,209540,209541,209542,209543,209544,209545,209546,209547,209548,209549,209550,209551,209552,209553,209554,209555,209556,209557,209558,209559,209560,209561,209562,209563,209564,209565,209566,209567,209568,209569,209570
49,4901,'Weekday0000100',209571
51,5100,'Saturday',209572,209573,209574,209575,209576,209577,209578,209579,209580,209581,209582,209583,209584,209585,209586,209587,209588,209589,209590,209591,209592,209593,209594,209595,209596,209597
51,5100,'Sunday',209598,209599,209600,209601,209602,209603,209604,209605,209606,209607,209608,209609,209610,209611,209612,209613,209614,209615,209616,209617,209618,209619,209620,209621,209622,209623
51,5100,'Weekday',209624,209625,209626,209627,209628,209629,209630,209631,209632,209633,209634,209635,209636,209637,209638,209639,209640,209641,209642,209643,209644,209645,209646,209647,209648,209649,209650,209651,209652,209653,209654,209655,209656,209657,209658,209659,209660,209661
51,5101,'Saturday',209662,209663,209664,209665,209666,209667,209668,209669,209670,209671,209672,209673,209674,209675,209676,209677,209678,209679,209680,209681,209682,209683,209684,209685,209686
51,5101,'Sunday',209687,209688,209689,209690,209691,209692,209693,209694,209695,209696,209697,209698,209699,209700,209701,209702,209703,209704,209705,209706,209707,209708,209709,209710,209711
51,5101,'Weekday',209712,209713,209714,209715,209716,209717,209718,209719,209720,209721,209722,209723,209724,209725,209726,209727,209728,209729,209730,209731,209732,209733,209734,209735,209736,209737,209738,209739,209740,209741,209742,209743,209744,209745,209746,209747,209748,209749,209750
52,5200,'Saturday',209751,209752,209753,209754,209755,209756,209757,209758,209759,209760,209761,209762,209763,209764,209765,209766,209767,209768,209769,209770,209771,209772
52,5200,'Sunday',209773,209774,209775,209776,209777,209778,209779,209780,209781,209782,209783,209784,209785,209786,209787,209788,209789,209790,209791
52,5200,'Weekday',209792,209793,209794,209795,209796,209797,209798,209799,209800,209801,209802,209803,209804,209805,209806,209807,209808,209809,209810,209811,209812,209813,209814
52,5201,'Saturday',209815,209816,209817,209818,209819,209820,209821,209822,209823,209824,209825,209826,209827,209828,209829,209830,209831,209832,209833,209834,209835
52,5201,'Sunday',209836,209837,209838,209839,209840,209841,209842,209843,209844,209845,209846,209847,209848,209849,209850,209851,209852,209853,209854
52,5201,'Weekday',209855,209856,209857,209858,209859,209860,209861,209862,209863,209864,209865,209866,209867,209868,209869,209870,209871,209872,209873,209874,209875,209876
53,5300,'Saturday',209877,209878,209879,209880,209881,209882,209883,209884,209885,209886,209887,209888,209889,209890,209891,209892,209893,209894,209895,209896,209897,209898,209899,209900,209901,209902,209903,209904,209905,209906,209907,209908,209909
53,5300,'Sunday',209910,209911,209912,209913,209914,209915,209916,209917,209918,209919,209920,209921,209922,209923,209924,209925,209926,209927,209928,209929,209930,209931,209932,209933,209934,209935,209936,209937,209938,209939,209940
53,5300,'Weekday',209941,209942,209943,209944,209945,209946,209947,209948,209949,209950,209951,209952,209953,209954,209955,209956,209957,209958,209959,209960,209961,209962,209963,209964,209965,209966,209967,209968,209969,209970,209971,209972,209973,209974,209975
53,5301,'Saturday',209976,209977,209978,209979,209980,209981,209982,209983,209984,209985,209986,209987,209988,209989,209990,209991,209992,209993,209994,209995,209996,209997,209998,209999,210000,210001,210002,210003,210004,210005,210006
53,5301,'Sunday',210007,210008,210009,210010,210011,210012,210013,210014,210015,210016,210017,210018,210019,210020,210021,210022,210023,210024,210025,210026,210027,210028,210029,210030,210031,210032,210033,210034,210035,210036,210037
53,5301,'Weekday',210038,210039,210040,210041,210042,210043,210044,210045,210046,210047,210048,210049,210050,210051,210052,210053,210054,210055,210056,210057,210058,210059,210060,210061,210062,210063,210064,210065,210066,210067,210068,210069,210070
54,5400,'Saturday',210071,210072,210073,210074,210075,210076,210077,210078,210079,210080,210081,210082,210083,210084,210085,210086,210087,210088,210089,210090,210091,210092,210093,210094
54,5400,'Sunday',210095,210096,210097,210098,210099,210100,210101,210102,210103,210104,210105,210106,210107,210108,210109,210110,210111,210112,210113,210114,210115,210116,210117,210118
54,5400,'Weekday',210119,210120,210121,210122,210123,210124,210125,210126,210127,210128,210129,210130,210131,210132,210133,210134,210135,210136,210137,210138,210139,210140,210141,210142,210143,210144,210145,210146,210147,210148,210149,210150,210151,210152,210153,210154,210155,210156
55,5500,'Saturday',210157,210158,210159,210160,210161,210162,210163,210164,210165,210166,210167,210168,210169,210170,210171,210172,210173,210174,210175,210176,210177,210178,210179,210180,210181,210182,210183,210184,210185,210186,210187,210188,210189,210190
55,5500,'Sunday',210191,210192,210193,210194,210195,210196,210197,210198,210199,210200,210201,210202,210203,210204,210205,210206,210207,210208,210209,210210,210211,210212,210213,210214,210215,210216,210217,210218,210219,210220,210221,210222,210223,210224
55,5500,'Weekday',210225,210226,210227,210228,210229,210230,210231,210232,210233,210234,210235,210236,210237,210238,210239,210240,210241,210242,210243,210244,210245,210246,210247,210248,210249,210250,210251,210252,210253,210254,210255,210256,210257,210258,210259,210260,210261,210262,210263,210264,210265,210266,210267,210268,210269,210270,210271,210272,210273,210274,210275,210276,210277,210278,210279,210280,210281,210282,210283,210284,210285,210286,210287
56,5600,'Saturday',210288,210289,210290,210291,210292,210293,210294,210295,210296,210297,210298,210299,210300,210301,210302,210303,210304,210305,210306,210307,210308,210309,210310,210311,210312
56,5600,'Sunday',210313,210314,210315,210316,210317,210318,210319,210320,210321,210322,210323,210324,210325,210326,210327,210328,210329,210330,210331,210332,210333,210334,210335,210336,210337
56,5600,'Weekday',210338,210339,210340,210341,210342,210343,210344,210345,210346,210347,210348,210349,210350,210351,210352,210353,210354,210355,210356,210357,210358,210359,210360,210361,210362,210363,210364,210365,210366,210367,210368,210369,210370,210371,210372
56,5601,'Saturday',210373,210374,210375,210376,210377,210378,210379,210380,210381,210382,210383,210384,210385,210386,210387,210388,210389,210390,210391,210392,210393,210394,210395,210396,210397
56,5601,'Sunday',210398,210399,210400,210401,210402,210403,210404,210405,210406,210407,210408,210409,210410,210411,210412,210413,210414,210415,210416,210417,210418,210419,210420,210421,210422
56,5601,'Weekday',210423,210424,210425,210426,210427,210428,210429,210430,210431,210432,210433,210434,210435,210436,210437,210438,210439,210440,210441,210442,210443,210444,210445,210446,210447,210448,210449,210450,210451,210452,210453,210454,210455,210456,210457
57,5700,'Saturday',210458,210459,210460,210461,210462,210463,210464,210465,210466,210467,210468,210469,210470,210471,210472,210473,210474,210475,210476,210477,210478,210479,210480,210481,210482,210483,210484,210485,210486,210487,210488,210489
57,5700,'Sunday',210490,210491,210492,210493,210494,210495,210496,210497,210498,210499,210500,210501,210502,210503,210504,210505,210506,210507,210508,210509,210510,210511,210512,210513,210514,210515,210516,210517,210518,210519,210520,210521
57,5700,'Weekday',210522,210523,210524,210525,210526,210527,210528,210529,210530,210531,210532,210533,210534,210535,210536,210537,210538,210539,210540,210541,210542,210543,210544,210545,210546,210547,210548,210549,210550,210551,210552,210553,210554,210555,210556,210557,210558,210559,210560,210561,210562,210563,210564,210565,210566,210567,210568,210569,210570,210571,210572,210573,210574,210575
57,5701,'Saturday',210576,210577,210578,210579,210580,210581,210582,210583,210584,210585,210586,210587,210588,210589,210590,210591,210592,210593,210594,210595,210596,210597,210598,210599,210600,210601,210602,210603,210604,210605,210606,210607
57,5701,'Sunday',210608,210609,210610,210611,210612,210613,210614,210615,210616,210617,210618,210619,210620,210621,210622,210623,210624,210625,210626,210627,210628,210629,210630,210631,210632,210633,210634,210635,210636,210637,210638,210639
57,5701,'Weekday',210640,210641,210642,210643,210644,210645,210646,210647,210648,210649,210650,210651,210652,210653,210654,210655,210656,210657,210658,210659,210660,210661,210662,210663,210664,210665,210666,210667,210668,210669,210670,210671,210672,210673,210674,210675,210676,210677,210678,210679,210680,210681,210682,210683,210684,210685,210686,210687,210688,210689,210690,210691
58,5800,'Saturday',210692,210693,210694,210695,210696,210697,210698,210699,210700,210701,210702,210703,210704,210705,210706,210707,210708,210709,210710,210711,210712,210713,210714,210715,210716,210717,210718,210719,210720,210721,210722,210723,210724,210725,210726,210727,210728,210729,210730,210731,210732,210733,210734,210735,210736
58,5800,'Sunday',210737,210738,210739,210740,210741,210742,210743,210744,210745,210746,210747,210748,210749,210750,210751,210752,210753,210754,210755,210756,210757,210758,210759,210760,210761,210762,210763,210764,210765,210766,210767,210768,210769,210770,210771,210772,210773,210774,210775,210776,210777,210778,210779,210780,210781
58,5800,'Weekday',210782,210783,210784,210785,210786,210787,210788,210789,210790,210791,210792,210793,210794,210795,210796,210797,210798,210799,210800,210801,210802,210803,210804,210805,210806,210807,210808,210809,210810,210811,210812,210813,210814,210815,210816,210817,210818,210819,210820,210821,210822,210823,210824,210825,210826,210827,210828,210829,210830,210831,210832,210833,210834,210835,210836,210837,210838,210839,210840,210841,210842
58,5801,'Saturday',210843,210844,210845,210846,210847,210848,210849,210850,210851,210852,210853,210854,210855,210856,210857,210858,210859,210860,210861,210862,210863,210864,210865,210866,210867,210868,210869,210870,210871,210872,210873,210874,210875,210876,210877,210878,210879,210880,210881,210882,210883
58,5801,'Sunday',210884,210885,210886,210887,210888,210889,210890,210891,210892,210893,210894,210895,210896,210897,210898,210899,210900,210901,210902,210903,210904,210905,210906,210907,210908,210909,210910,210911,210912,210913,210914,210915,210916,210917,210918,210919,210920,210921,210922,210923,210924
58,5801,'Weekday',210925,210926,210927,210928,210929,210930,210931,210932,210933,210934,210935,210936,210937,210938,210939,210940,210941,210942,210943,210944,210945,210946,210947,210948,210949,210950,210951,210952,210953,210954,210955,210956,210957,210958,210959,210960,210961,210962,210963,210964,210965,210966,210967,210968,210969,210970,210971,210972,210973,210974,210975
59,5900,'Saturday',210976,210977,210978,210979,210980,210981,210982,210983,210984,210985,210986,210987,210988,210989,210990,210991,210992,210993,210994,210995,210996,210997,210998,210999,211000,211001,211002,211003,211004,211005,211006,211007,211008,211009,211010,211011,211012,211013,211014,211015,211016,211017,211018,211019,211020,211021,211022,211023,211024,211025,211026,211027,211028,211029,211030,211031,211032,211033,211034
59,5900,'Sunday',211035,211036,211037,211038,211039,211040,211041,211042,211043,211044,211045,211046,211047,211048,211049,211050,211051,211052,211053,211054,211055,211056,211057,211058,211059,211060,211061,211062,211063,211064,211065,211066,211067,211068,211069,211070,211071,211072,211073,211074,211075,211076,211077,211078,211079,211080,211081,211082,211083,211084,211085,211086,211087,211088,211089,211090,211091,211092,211093
59,5900,'Weekday',211094,211095,211096,211097,211098,211099,211100,211101,211102,211103,211104,211105,211106,211107,211108,211109,211110,211111,211112,211113,211114,211115,211116,211117,211118,211119,211120,211121,211122,211123,211124,211125,211126,211127,211128,211129,211130,211131,211132,211133,211134,211135,211136,211137,211138,211139,211140,211141,211142,211143,211144,211145,211146,211147,211148,211149,211150,211151,211152,211153,211154,211155,211156,211157,211158,211159,211160,211161,211162,211163,211164,211165,211166,211167
59,5900,'Weekday0000100',211168
59,5900,'Weekday1111000',211169
60,6000,'Saturday',211170,211171,211172,211173,211174,211175,211176,211177,211178,211179,211180,211181,211182,211183,211184,211185,211186,211187,211188,211189,211190,211191,211192,211193,211194,211195,211196,211197,211198,211199,211200,211201,211202,211203,211204,211205,211206,211207,211208,211209,211210,211211,211212,211213,211214,211215,211216,211217,211218,211219,211220,211221
60,6000,'Sunday',211222,211223,211224,211225,211226,211227,211228,211229,211230,211231,211232,211233,211234,211235,211236,211237,211238,211239,211240,211241,211242,211243,211244,211245,211246,211247,211248,211249,211250,211251,211252,211253,211254,211255,211256,211257,211258,211259,211260,211261,211262,211263,211264,211265,211266,211267,211268,211269,211270,211271,211272,211273
60,6000,'Weekday',211274,211275,211276,211277,211278,211279,211280,211281,211282,211283,211284,211285,211286,211287,211288,211289,211290,211291,211292,211293,211294,211295,211296,211297,211298,211299,211300,211301,211302,211303,211304,211305,211306,211307,211308,211309,211310,211311,211312,211313,211314,211315,211316,211317,211318,211319,211320,211321,211322,211323,211324
60,6001,'Saturday',211325,211326,211327,211328,211329,211330,211331,211332,211333,211334,211335,211336,211337,211338,211339,211340,211341,211342,211343,211344,211345,211346,211347,211348,211349,211350,211351,211352,211353,211354,211355,211356,211357,211358,211359,211360,211361,211362,211363,211364,211365,211366,211367,211368,211369,211370,211371,211372,211373,211374,211375,211376
60,6001,'Sunday',211377,211378,211379,211380,211381,211382,211383,211384,211385,211386,211387,211388,211389,211390,211391,211392,211393,211394,211395,211396,211397,211398,211399,211400,211401,211402,211403,211404,211405,211406,211407,211408,211409,211410,211411,211412,211413,211414,211415,211416,211417,211418,211419,211420,211421,211422,211423,211424,211425,211426,211427,211428
60,6001,'Weekday',211429,211430,211431,211432,211433,211434,211435,211436,211437,211438,211439,211440,211441,211442,211443,211444,211445,211446,211447,211448,211449,211450,211451,211452,211453,211454,211455,211456,211457,211458,211459,211460,211461,211462,211463,211464,211465,211466,211467,211468,211469,211470,211471,211472,211473,211474,211475,211476,211477,211478,211479,211480
61,6100,'Saturday',211481,211482,211483,211484,211485,211486,211487,211488,211489,211490,211491,211492,211493,211494,211495,211496,211497,211498,211499,211500,211501,211502,211503,211504,211505,211506,211507,211508,211509,211510,211511,211512,211513,211514,211515,211516,211517,211518,211519,211520,211521,211522,211523,211524,211525,211526,211527,211528,211529,211530,211531,211532,211533,211534,211535,211536,211537,211538
61,6100,'Sunday',211539,211540,211541,211542,211543,211544,211545,211546,211547,211548,211549,211550,211551,211552,211553,211554,211555,211556,211557,211558,211559,211560,211561,211562,211563,211564,211565,211566,211567,211568,211569,211570,211571,211572,211573,211574,211575,211576,211577,211578,211579,211580,211581,211582,211583,211584,211585,211586,211587,211588,211589,211590,211591,211592,211593,211594,211595,211596
61,6100,'Weekday',211597,211598,211599,211600,211601,211602,211603,211604,211605,211606,211607,211608,211609,211610,211611,211612,211613,211614,211615,211616,211617,211618,211619,211620,211621,211622,211623,211624,211625,211626,211627,211628,211629,211630,211631,211632,211633,211634,211635,211636,211637,211638,211639,211640,211641,211642,211643,211644,211645,211646,211647,211648,211649,211650,211651,211652,211653,211654,211655,211656,211657,211658,211659,211660,211661,211662,211663,211664,211665,211666,211667,211668,211669,211670,211671
61,6101,'Saturday',211672,211673,211674,211675,211676,211677,211678,211679,211680,211681,211682,211683,211684,211685,211686,211687,211688,211689,211690,211691,211692,211693,211694,211695,211696,211697,211698,211699,211700,211701,211702,211703,211704,211705,211706,211707,211708,211709,211710,211711,211712,211713,211714,211715,211716,211717,211718,211719,211720,211721,211722,211723,211724,211725,211726,211727,211728
61,6101,'Sunday',211729,211730,211731,211732,211733,211734,211735,211736,211737,211738,211739,211740,211741,211742,211743,211744,211745,211746,211747,211748,211749,211750,211751,211752,211753,211754,211755,211756,211757,211758,211759,211760,211761,211762,211763,211764,211765,211766,211767,211768,211769,211770,211771,211772,211773,211774,211775,211776,211777,211778,211779,211780,211781,211782,211783,211784,211785
61,6101,'Weekday',211786,211787,211788,211789,211790,211791,211792,211793,211794,211795,211796,211797,211798,211799,211800,211801,211802,211803,211804,211805,211806,211807,211808,211809,211810,211811,211812,211813,211814,211815,211816,211817,211818,211819,211820,211821,211822,211823,211824,211825,211826,211827,211828,211829,211830,211831,211832,211833,211834,211835,211836,211837,211838,211839,211840,211841,211842,211843,211844,211845,211846,211847,211848,211849,211850,211851,211852,211853,211854,211855,211856,211857,211858,211859
62,6200,'Weekday',211860
62,6201,'Weekday',211861
63,6300,'Weekday',211862,211863,211864,211865,211866,211867,211868,211869,211870,211871,211872
63,6301,'Weekday',211873,211874,211875,211876,211877,211878,211879,211880,211881,211882,211883
64,6400,'Weekday',211884
64,6401,'Weekday',211885
65,6500,'Saturday',211886,211887,211888,211889,211890,211891,211892,211893,211894,211895,211896,211897,211898,211899,211900,211901,211902,211903,211904,211905,211906,211907,211908,211909,211910,211911,211912,211913,211914,211915,211916
65,6500,'Sunday',211917,211918,211919,211920,211921,211922,211923,211924,211925,211926,211927,211928,211929,211930,211931,211932,211933,211934,211935,211936,211937,211938,211939,211940,211941,211942,211943,211944,211945,211946,211947
65,6500,'Weekday',211948,211949,211950,211951,211952,211953,211954,211955,211956,211957,211958,211959,211960,211961,211962,211963,211964,211965,211966,211967,211968,211969,211970,211971,211972,211973,211974,211975,211976,211977,211978,211979,211980,211981,211982,211983,211984,211985
65,6501,'Saturday',211986,211987,211988,211989,211990,211991,211992,211993,211994,211995,211996,211997,211998,211999,212000,212001,212002,212003,212004,212005,212006,212007,212008,212009,212010,212011,212012,212013,212014,212015,212016
65,6501,'Sunday',212017,212018,212019,212020,212021,212022,212023,212024,212025,212026,212027,212028,212029,212030,212031,212032,212033,212034,212035,212036,212037,212038,212039,212040,212041,212042,212043,212044,212045,212046,212047
65,6501,'Weekday',212048,212049,212050,212051,212052,212053,212054,212055,212056,212057,212058,212059,212060,212061,212062,212063,212064,212065,212066,212067,212068,212069,212070,212071,212072,212073,212074,212075,212076,212077,212078,212079,212080,212081,212082,212083,212084,212085,212086
66,6600,'Saturday',212087,212088,212089,212090,212091,212092,212093,212094,212095,212096,212097,212098,212099,212100,212101,212102,212103,212104,212105,212106,212107,212108,212109,212110,212111,212112,212113,212114,212115,212116,212117,212118,212119
66,6600,'Sunday',212120,212121,212122,212123,212124,212125,212126,212127,212128,212129,212130,212131,212132,212133,212134,212135,212136,212137,212138,212139,212140,212141,212142,212143,212144,212145,212146,212147,212148,212149,212150,212151,212152
66,6600,'Weekday',212153,212154,212155,212156,212157,212158,212159,212160,212161,212162,212163,212164,212165,212166,212167,212168,212169,212170,212171,212172,212173,212174,212175,212176,212177,212178,212179,212180,212181,212182,212183,212184,212185,212186,212187,212188,212189,212190,212191,212192,212193,212194,212195,212196,212197,212198
66,6601,'Saturday',212199,212200,212201,212202,212203,212204,212205,212206,212207,212208,212209,212210,212211,212212,212213,212214,212215,212216,212217,212218,212219,212220,212221,212222,212223,212224,212225,212226,212227,212228,212229,212230,212231,212232
66,6601,'Sunday',212233,212234,212235,212236,212237,212238,212239,212240,212241,212242,212243,212244,212245,212246,212247,212248,212249,212250,212251,212252,212253,212254,212255,212256,212257,212258,212259,212260,212261,212262,212263,212264,212265,212266
66,6601,'Weekday',212267,212268,212269,212270,212271,212272,212273,212274,212275,212276,212277,212278,212279,212280,212281,212282,212283,212284,212285,212286,212287,212288,212289,212290,212291,212292,212293,212294,212295,212296,212297,212298,212299,212300,212301,212302,212303,212304,212305,212306,212307,212308,212309,212310,212311,212312
67,6700,'Saturday',212313,212314,212315,212316,212317,212318,212319,212320,212321,212322,212323,212324,212325,212326,212327,212328,212329,212330,212331,212332,212333,212334,212335,212336,212337,212338,212339,212340,212341,212342,212343,212344,212345,212346,212347,212348
67,6700,'Sunday',212349,212350,212351,212352,212353,212354,212355,212356,212357,212358,212359,212360,212361,212362,212363,212364,212365,212366,212367,212368,212369,212370,212371,212372,212373,212374,212375,212376,212377,212378,212379,212380,212381,212382,212383,212384
67,6700,'Weekday',212385,212386,212387,212388,212389,212390,212391,212392,212393,212394,212395,212396,212397,212398,212399,212400,212401,212402,212403,212404,212405,212406,212407,212408,212409,212410,212411,212412,212413,212414,212415,212416,212417,212418,212419,212420,212421,212422
67,6701,'Saturday',212423,212424,212425,212426,212427,212428,212429,212430,212431,212432,212433,212434,212435,212436,212437,212438,212439,212440,212441,212442,212443,212444,212445,212446,212447,212448,212449,212450,212451,212452,212453,212454,212455,212456,212457,212458
67,6701,'Sunday',212459,212460,212461,212462,212463,212464,212465,212466,212467,212468,212469,212470,212471,212472,212473,212474,212475,212476,212477,212478,212479,212480,212481,212482,212483,212484,212485,212486,212487,212488,212489,212490,212491,212492,212493,212494
67,6701,'Weekday',212495,212496,212497,212498,212499,212500,212501,212502,212503,212504,212505,212506,212507,212508,212509,212510,212511,212512,212513,212514,212515,212516,212517,212518,212519,212520,212521,212522,212523,212524,212525,212526,212527,212528,212529,212530,212531,212532
68,6800,'Saturday',212533,212534,212535,212536,212537,212538,212539,212540,212541,212542,212543,212544,212545,212546,212547,212548,212549,212550,212551,212552,212553,212554,212555,212556,212557,212558,212559,212560
68,6800,'Sunday',212561,212562,212563,212564,212565,212566,212567,212568,212569,212570,212571,212572,212573,212574,212575,212576,212577,212578,212579,212580,212581,212582,212583,212584,212585,212586,212587,212588
68,6800,'Weekday',212589,212590,212591,212592,212593,212594,212595,212596,212597,212598,212599,212600,212601,212602,212603,212604,212605,212606,212607,212608,212609,212610,212611,212612,212613,212614,212615,212616,212617,212618,212619,212620,212621,212622,212623,212624,212625
68,6801,'Saturday',212626,212627,212628,212629,212630,212631,212632,212633,212634,212635,212636,212637,212638,212639,212640,212641,212642,212643,212644,212645,212646,212647,212648,212649,212650,212651,212652,212653,212654
68,6801,'Sunday',212655,212656,212657,212658,212659,212660,212661,212662,212663,212664,212665,212666,212667,212668,212669,212670,212671,212672,212673,212674,212675,212676,212677,212678,212679,212680,212681,212682,212683
68,6801,'Weekday',212684,212685,212686,212687,212688,212689,212690,212691,212692,212693,212694,212695,212696,212697,212698,212699,212700,212701,212702,212703,212704,212705,212706,212707,212708,212709,212710,212711,212712,212713,212714,212715,212716,212717,212718
70,7000,'Saturday',212719,212720,212721,212722,212723,212724,212725,212726,212727,212728,212729,212730,212731,212732,212733,212734,212735,212736,212737,212738,212739,212740,212741,212742,212743,212744,212745,212746,212747,212748,212749,212750,212751,212752,212753,212754,212755,212756,212757,212758,212759,212760,212761,212762,212763,212764,212765,212766,212767,212768,212769
70,7000,'Sunday',212770,212771,212772,212773,212774,212775,212776,212777,212778,212779,212780,212781,212782,212783,212784,212785,212786,212787,212788,212789,212790,212791,212792,212793,212794,212795,212796,212797,212798,212799,212800,212801,212802,212803,212804,212805,212806,212807,212808,212809,212810,212811,212812,212813,212814,212815,212816,212817,212818,212819,212820
70,7000,'Weekday',212821,212822,212823,212824,212825,212826,212827,212828,212829,212830,212831,212832,212833,212834,212835,212836,212837,212838,212839,212840,212841,212842,212843,212844,212845,212846,212847,212848,212849,212850,212851,212852,212853,212854,212855,212856,212857,212858,212859,212860,212861,212862,212863,212864,212865,212866,212867,212868,212869,212870,212871,212872,212873,212874,212875,212876,212877,212878,212879,212880,212881
70,7001,'Saturday',212882,212883,212884,212885,212886,212887,212888,212889,212890,212891,212892,212893,212894,212895,212896,212897,212898,212899,212900,212901,212902,212903,212904,212905,212906,212907,212908,212909,212910,212911,212912,212913,212914,212915,212916,212917,212918,212919,212920,212921,212922,212923,212924,212925,212926,212927,212928,212929,212930,212931
70,7001,'Sunday',212932,212933,212934,212935,212936,212937,212938,212939,212940,212941,212942,212943,212944,212945,212946,212947,212948,212949,212950,212951,212952,212953,212954,212955,212956,212957,212958,212959,212960,212961,212962,212963,212964,212965,212966,212967,212968,212969,212970,212971,212972,212973,212974,212975,212976,212977,212978,212979,212980,212981
70,7001,'Weekday',212982,212983,212984,212985,212986,212987,212988,212989,212990,212991,212992,212993,212994,212995,212996,212997,212998,212999,213000,213001,213002,213003,213004,213005,213006,213007,213008,213009,213010,213011,213012,213013,213014,213015,213016,213017,213018,213019,213020,213021,213022,213023,213024,213025,213026,213027,213028,213029,213030,213031,213032,213033,213034,213035,213036,213037,213038,213039,213040,213041,213042,213043
74,7401,'Saturday',213044,213045,213046,213047,213048,213049,213050,213051,213052,213053,213054,213055,213056,213057,213058,213059,213060,213061,213062,213063,213064,213065,213066,213067,213068,213069,213070,213071,213072,213073,213074
74,7401,'Sunday',213075,213076,213077,213078,213079,213080,213081,213082,213083,213084,213085,213086,213087,213088,213089,213090,213091,213092,213093,213094,213095,213096,213097,213098,213099,213100,213101,213102,213103,213104,213105
74,7401,'Weekday',213106,213107,213108,213109,213110,213111,213112,213113,213114,213115,213116,213117,213118,213119,213120,213121,213122,213123,213124,213125,213126,213127,213128,213129,213130,213131,213132,213133,213134,213135,213136,213137,213138,213139,213140,213141,213142,213143,213144,213145,213146,213147,213148,213149,213150,213151
75,7500,'Saturday',213152,213153,213154,213155,213156,213157,213158,213159,213160,213161,213162,213163,213164,213165,213166,213167,213168,213169,213170,213171,213172,213173,213174,213175,213176,213177,213178,213179,213180,213181,213182,213183,213184
75,7500,'Sunday',213185,213186,213187,213188,213189,213190,213191,213192,213193,213194,213195,213196,213197,213198,213199,213200,213201,213202,213203,213204,213205,213206,213207,213208,213209,213210,213211,213212,213213,213214,213215,213216,213217
75,7500,'Weekday',213218,213219,213220,213221,213222,213223,213224,213225,213226,213227,213228,213229,213230,213231,213232,213233,213234,213235,213236,213237,213238,213239,213240,213241,213242,213243,213244,213245,213246,213247,213248,213249,213250,213251,213252,213253,213254,213255,213256,213257,213258,213259,213260
75,7501,'Saturday',213261,213262,213263,213264,213265,213266,213267,213268,213269,213270,213271,213272,213273,213274,213275,213276,213277,213278,213279,213280,213281,213282,213283,213284,213285,213286,213287,213288,213289,213290,213291
75,7501,'Sunday',213292,213293,213294,213295,213296,213297,213298,213299,213300,213301,213302,213303,213304,213305,213306,213307,213308,213309,213310,213311,213312,213313,213314,213315,213316,213317,213318,213319,213320,213321,213322
75,7501,'Weekday',213323,213324,213325,213326,213327,213328,213329,213330,213331,213332,213333,213334,213335,213336,213337,213338,213339,213340,213341,213342,213343,213344,213345,213346,213347,213348,213349,213350,213351,213352,213353,213354,213355,213356,213357,213358,213359,213360,213361,213362,213363,213364,213365,213366
75,7501,'Weekday0000100',213367
76,7600,'Saturday',213368,213369,213370,213371,213372,213373,213374,213375,213376,213377,213378,213379,213380,213381,213382,213383,213384,213385,213386,213387,213388,213389,213390,213391,213392,213393,213394,213395
76,7600,'Sunday',213396,213397,213398,213399,213400,213401,213402,213403,213404,213405,213406,213407,213408,213409,213410,213411,213412,213413,213414,213415,213416,213417,213418,213419,213420,213421,213422,213423
76,7600,'Weekday',213424,213425,213426,213427,213428,213429,213430,213431,213432,213433,213434,213435,213436,213437,213438,213439,213440,213441,213442,213443,213444,213445,213446,213447,213448,213449,213450,213451,213452,213453,213454,213455,213456,213457,213458,213459,213460,213461,213462,213463,213464,213465
76,7601,'Saturday',213466,213467,213468,213469,213470,213471,213472,213473,213474,213475,213476,213477,213478,213479,213480,213481,213482,213483,213484,213485,213486,213487,213488,213489,213490,213491,213492,213493
76,7601,'Sunday',213494,213495,213496,213497,213498,213499,213500,213501,213502,213503,213504,213505,213506,213507,213508,213509,213510,213511,213512,213513,213514,213515,213516,213517,213518,213519,213520,213521
76,7601,'Weekday',213522,213523,213524,213525,213526,213527,213528,213529,213530,213531,213532,213533,213534,213535,213536,213537,213538,213539,213540,213541,213542,213543,213544,213545,213546,213547,213548,213549,213550,213551,213552,213553,213554,213555,213556,213557,213558,213559,213560,213561,213562
77,7700,'Saturday',213563,213564,213565,213566,213567,213568,213569,213570,213571,213572,213573,213574,213575,213576,213577,213578,213579,213580,213581,213582,213583,213584,213585,213586
77,7700,'Sunday',213587,213588,213589,213590,213591,213592,213593,213594,213595,213596,213597,213598,213599,213600,213601,213602,213603,213604,213605,213606,213607,213608,213609,213610
77,7700,'Weekday',213611,213612,213613,213614,213615,213616,213617,213618,213619,213620,213621,213622,213623,213624,213625,213626,213627,213628,213629,213630,213631,213632,213633,213634,213635,213636,213637,213638,213639,213640,213641,213642,213643,213644,213645,213646,213647,213648
78,7800,'Saturday',213649,213650,213651,213652,213653,213654,213655,213656,213657,213658,213659,213660,213661,213662,213663,213664,213665,213666,213667,213668,213669,213670,213671,213672,213673,213674,213675,213676,213677,213678,213679
78,7800,'Sunday',213680,213681,213682,213683,213684,213685,213686,213687,213688,213689,213690,213691,213692,213693,213694,213695,213696,213697,213698,213699,213700,213701,213702,213703,213704,213705,213706,213707,213708,213709,213710
78,7800,'Weekday',213711,213712,213713,213714,213715,213716,213717,213718,213719,213720,213721,213722,213723,213724,213725,213726,213727,213728,213729,213730,213731,213732,213733,213734,213735,213736,213737,213738,213739,213740,213741,213742,213743,213744,213745,213746,213747,213748,213749,213750,213751,213752,213753,213754,213755,213756,213757,213758
78,7801,'Saturday',213759,213760,213761,213762,213763,213764,213765,213766,213767,213768,213769,213770,213771,213772,213773,213774,213775,213776,213777,213778,213779,213780,213781,213782,213783,213784,213785,213786,213787,213788,213789
78,7801,'Sunday',213790,213791,213792,213793,213794,213795,213796,213797,213798,213799,213800,213801,213802,213803,213804,213805,213806,213807,213808,213809,213810,213811,213812,213813,213814,213815,213816,213817,213818,213819,213820
78,7801,'Weekday',213821,213822,213823,213824,213825,213826,213827,213828,213829,213830,213831,213832,213833,213834,213835,213836,213837,213838,213839,213840,213841,213842,213843,213844,213845,213846,213847,213848,213849,213850,213851,213852,213853,213854,213855,213856,213857,213858,213859,213860,213861,213862,213863,213864,213865,213866,213867,213868
79,7900,'Saturday',213869,213870,213871,213872,213873,213874,213875,213876,213877,213878,213879,213880,213881,213882,213883,213884,213885,213886,213887
79,7900,'Sunday',213888,213889,213890,213891,213892,213893,213894,213895,213896,213897,213898,213899,213900,213901,213902,213903,213904,213905,213906
79,7900,'Weekday',213907,213908,213909,213910,213911,213912,213913,213914,213915,213916,213917,213918,213919,213920,213921,213922,213923,213924,213925,213926,213927,213928,213929,213930,213931,213932,213933,213934,213935,213936,213937,213938,213939,213940,213941,213942,213943,213944,213945,213946
79,7900,'Weekday0000100',213947
79,7901,'Saturday',213948,213949,213950,213951,213952,213953,213954,213955,213956,213957,213958,213959,213960,213961,213962,213963,213964,213965,213966
79,7901,'Sunday',213967,213968,213969,213970,213971,213972,213973,213974,213975,213976,213977,213978,213979,213980,213981,213982,213983,213984,213985
79,7901,'Weekday',213986,213987,213988,213989,213990,213991,213992,213993,213994,213995,213996,213997,213998,213999,214000,214001,214002,214003,214004,214005,214006,214007,214008,214009,214010,214011,214012,214013,214014,214015,214016,214017,214018,214019,214020,214021,214022,214023,214024
79,7901,'Weekday0000100',214025
80,8000,'Saturday',214026,214027,214028,214029,214030,214031,214032,214033,214034,214035,214036,214037,214038,214039,214040,214041,214042,214043,214044,214045,214046,214047,214048
80,8000,'Sunday',214049,214050,214051,214052,214053,214054,214055,214056,214057,214058,214059,214060,214061,214062,214063,214064,214065,214066,214067,214068,214069,214070,214071
80,8000,'Weekday',214072,214073,214074,214075,214076,214077,214078,214079,214080,214081,214082,214083,214084,214085,214086,214087,214088,214089,214090,214091,214092,214093,214094,214095,214096,214097,214098,214099,214100,214101,214102,214103,214104
81,8100,'Saturday',214105,214106,214107,214108,214109,214110,214111,214112,214113,214114,214115,214116,214117,214118,214119,214120,214121
81,8100,'Weekday',214122,214123,214124,214125,214126,214127,214128,214129,214130,214131,214132,214133,214134,214135,214136,214137,214138,214139,214140,214141,214142,214143,214144,214145,214146,214147,214148,214149,214150
81,8101,'Saturday',214151,214152,214153,214154,214155,214156,214157,214158,214159,214160,214161,214162,214163,214164,214165,214166,214167
81,8101,'Weekday',214168,214169,214170,214171,214172,214173,214174,214175,214176,214177,214178,214179,214180,214181,214182,214183,214184,214185,214186,214187,214188,214189,214190,214191,214192,214193,214194
82,8200,'Saturday',214195,214196,214197,214198,214199,214200,214201,214202,214203,214204,214205,214206,214207,214208,214209,214210,214211,214212,214213,214214,214215,214216,214217,214218,214219,214220,214221,214222,214223,214224,214225,214226,214227,214228,214229,214230
82,8200,'Sunday',214231,214232,214233,214234,214235,214236,214237,214238,214239,214240,214241,214242,214243,214244,214245,214246,214247,214248,214249,214250,214251,214252,214253,214254,214255,214256,214257,214258,214259,214260,214261,214262,214263,214264,214265,214266
82,8200,'Weekday',214267,214268,214269,214270,214271,214272,214273,214274,214275,214276,214277,214278,214279,214280,214281,214282,214283,214284,214285,214286,214287,214288,214289,214290,214291,214292,214293,214294,214295,214296,214297,214298,214299,214300,214301,214302,214303,214304
82,8200,'Weekday0000100',214305
82,8201,'Saturday',214306,214307,214308,214309,214310,214311,214312,214313,214314,214315,214316,214317,214318,214319,214320,214321,214322,214323,214324,214325,214326,214327,214328,214329,214330,214331,214332,214333,214334,214335,214336,214337,214338,214339,214340,214341,214342
82,8201,'Sunday',214343,214344,214345,214346,214347,214348,214349,214350,214351,214352,214353,214354,214355,214356,214357,214358,214359,214360,214361,214362,214363,214364,214365,214366,214367,214368,214369,214370,214371,214372,214373,214374,214375,214376,214377,214378,214379
82,8201,'Weekday',214380,214381,214382,214383,214384,214385,214386,214387,214388,214389,214390,214391,214392,214393,214394,214395,214396,214397,214398,214399,214400,214401,214402,214403,214404,214405,214406,214407,214408,214409,214410,214411,214412,214413,214414,214415,214416,214417,214418,214419,214420,214421
83,8300,'Saturday',214422,214423,214424,214425,214426,214427,214428,214429,214430,214431,214432,214433,214434,214435,214436,214437,214438,214439,214440,214441,214442,214443,214444,214445,214446,214447,214448,214449,214450,214451,214452,214453
83,8300,'Sunday',214454,214455,214456,214457,214458,214459,214460,214461,214462,214463,214464,214465,214466,214467,214468,214469,214470,214471,214472,214473,214474,214475,214476,214477,214478,214479,214480,214481,214482,214483
83,8300,'Weekday',214484,214485,214486,214487,214488,214489,214490,214491,214492,214493,214494,214495,214496,214497,214498,214499,214500,214501,214502,214503,214504,214505,214506,214507,214508,214509,214510,214511,214512,214513,214514,214515,214516,214517,214518,214519,214520
86,8600,'Saturday',214521,214522,214523,214524,214525,214526,214527,214528,214529,214530,214531,214532,214533,214534,214535,214536,214537,214538,214539,214540,214541,214542,214543,214544,214545,214546,214547,214548,214549,214550,214551,214552
86,8600,'Sunday',214553,214554,214555,214556,214557,214558,214559,214560,214561,214562,214563,214564,214565,214566,214567,214568,214569,214570,214571,214572,214573,214574,214575,214576,214577,214578,214579,214580,214581,214582,214583,214584
86,8600,'Weekday',214585,214586,214587,214588,214589,214590,214591,214592,214593,214594,214595,214596,214597,214598,214599,214600,214601,214602,214603,214604,214605,214606,214607,214608,214609,214610,214611,214612,214613,214614,214615,214616,214617,214618,214619,214620,214621,214622,214623,214624,214625,214626,214627,214628,214629,214630,214631,214632,214633,214634,214635,214636
86,8601,'Saturday',214637,214638,214639,214640,214641,214642,214643,214644,214645,214646,214647,214648,214649,214650,214651,214652,214653,214654,214655,214656,214657,214658,214659,214660,214661,214662,214663,214664,214665,214666,214667
86,8601,'Sunday',214668,214669,214670,214671,214672,214673,214674,214675,214676,214677,214678,214679,214680,214681,214682,214683,214684,214685,214686,214687,214688,214689,214690,214691,214692,214693,214694,214695,214696,214697,214698
86,8601,'Weekday',214699,214700,214701,214702,214703,214704,214705,214706,214707,214708,214709,214710,214711,214712,214713,214714,214715,214716,214717,214718,214719,214720,214721,214722,214723,214724,214725,214726,214727,214728,214729,214730,214731,214732,214733,214734,214735,214736,214737,214738,214739,214740,214741,214742,214743,214744,214745,214746,214747,214748,214749
87,8700,'Saturday',214750,214751,214752,214753,214754,214755,214756,214757,214758,214759,214760,214761,214762,214763,214764,214765,214766,214767,214768,214769,214770,214771,214772,214773,214774,214775,214776,214777,214778,214779,214780,214781,214782,214783,214784,214785
87,8700,'Sunday',214786,214787,214788,214789,214790,214791,214792,214793,214794,214795,214796,214797,214798,214799,214800,214801,214802,214803,214804,214805,214806,214807,214808,214809,214810,214811,214812,214813,214814,214815,214816,214817,214818,214819,214820,214821
87,8700,'Weekday',214822,214823,214824,214825,214826,214827,214828,214829,214830,214831,214832,214833,214834,214835,214836,214837,214838,214839,214840,214841,214842,214843,214844,214845,214846,214847,214848,214849,214850,214851,214852,214853,214854,214855,214856,214857,214858,214859
87,8700,'Weekday0000100',214860
87,8700,'Weekday1111000',214861
87,8701,'Saturday',214862,214863,214864,214865,214866,214867,214868,214869,214870,214871,214872,214873,214874,214875,214876,214877,214878,214879,214880,214881,214882,214883,214884,214885,214886,214887,214888,214889,214890,214891,214892,214893,214894,214895,214896,214897,214898
87,8701,'Sunday',214899,214900,214901,214902,214903,214904,214905,214906,214907,214908,214909,214910,214911,214912,214913,214914,214915,214916,214917,214918,214919,214920,214921,214922,214923,214924,214925,214926,214927,214928,214929,214930,214931,214932,214933,214934,214935
87,8701,'Weekday',214936,214937,214938,214939,214940,214941,214942,214943,214944,214945,214946,214947,214948,214949,214950,214951,214952,214953,214954,214955,214956,214957,214958,214959,214960,214961,214962,214963,214964,214965,214966,214967,214968,214969,214970,214971,214972,214973,214974,214975
87,8701,'Weekday0000100',214976
87,8701,'Weekday1111000',214977
89,8900,'Weekday',214978,214979,214980,214981,214982,214983,214984,214985,214986,214987,214988,214989,214990,214991,214992,214993,214994,214995,214996,214997,214998,214999,215000
89,8901,'Weekday',215001,215002,215003,215004,215005,215006,215007,215008,215009,215010,215011,215012,215013,215014,215015,215016,215017,215018,215019,215020,215021,215022,215023
90,9000,'Saturday',215024,215025,215026,215027,215028,215029,215030,215031,215032,215033,215034,215035,215036,215037,215038,215039,215040,215041,215042,215043,215044,215045,215046,215047,215048,215049,215050,215051,215052
90,9000,'Sunday',215053,215054,215055,215056,215057,215058,215059,215060,215061,215062,215063,215064,215065,215066,215067,215068,215069,215070,215071,215072,215073,215074,215075,215076,215077,215078,215079,215080,215081
90,9000,'Weekday',215082,215083,215084,215085,215086,215087,215088,215089,215090,215091,215092,215093,215094,215095,215096,215097,215098,215099,215100,215101,215102,215103,215104,215105,215106,215107,215108,215109,215110,215111,215112,215113,215114,215115,215116,215117,215118,215119,215120
90,9001,'Saturday',215121,215122,215123,215124,215125,215126,215127,215128,215129,215130,215131,215132,215133,215134,215135,215136,215137,215138,215139,215140,215141,215142,215143,215144,215145,215146,215147,215148,215149
90,9001,'Sunday',215150,215151,215152,215153,215154,215155,215156,215157,215158,215159,215160,215161,215162,215163,215164,215165,215166,215167,215168,215169,215170,215171,215172,215173,215174,215175,215176,215177,215178
90,9001,'Weekday',215179,215180,215181,215182,215183,215184,215185,215186,215187,215188,215189,215190,215191,215192,215193,215194,215195,215196,215197,215198,215199,215200,215201,215202,215203,215204,215205,215206,215207,215208,215209,215210,215211,215212,215213,215214,215215
91,9100,'Saturday',215216,215217,215218,215219,215220,215221,215222,215223,215224,215225,215226,215227,215228,215229,215230,215231,215232,215233,215234,215235,215236,215237,215238,215239,215240,215241,215242,215243,215244,215245,215246,215247,215248,215249,215250,215251,215252,215253,215254,215255,215256,215257,215258,215259,215260,215261,215262,215263,215264,215265
91,9100,'Sunday',215266,215267,215268,215269,215270,215271,215272,215273,215274,215275,215276,215277,215278,215279,215280,215281,215282,215283,215284,215285,215286,215287,215288,215289,215290,215291,215292,215293,215294,215295,215296,215297,215298,215299,215300,215301,215302,215303,215304,215305,215306,215307,215308,215309,215310,215311,215312,215313,215314,215315
91,9100,'Weekday',215316,215317,215318,215319,215320,215321,215322,215323,215324,215325,215326,215327,215328,215329,215330,215331,215332,215333,215334,215335,215336,215337,215338,215339,215340,215341,215342,215343,215344,215345,215346,215347,215348,215349,215350,215351,215352,215353,215354,215355,215356,215357,215358,215359,215360,215361,215362,215363,215364,215365,215366,215367
91,9101,'Saturday',215368,215369,215370,215371,215372,215373,215374,215375,215376,215377,215378,215379,215380,215381,215382,215383,215384,215385,215386,215387,215388,215389,215390,215391,215392,215393,215394,215395,215396,215397,215398,215399,215400,215401,215402,215403,215404,215405,215406,215407,215408,215409,215410,215411,215412,215413,215414,215415,215416,215417
91,9101,'Sunday',215418,215419,215420,215421,215422,215423,215424,215425,215426,215427,215428,215429,215430,215431,215432,215433,215434,215435,215436,215437,215438,215439,215440,215441,215442,215443,215444,215445,215446,215447,215448,215449,215450,215451,215452,215453,215454,215455,215456,215457,215458,215459,215460,215461,215462,215463,215464,215465,215466,215467
91,9101,'Weekday',215468,215469,215470,215471,215472,215473,215474,215475,215476,215477,215478,215479,215480,215481,215482,215483,215484,215485,215486,215487,215488,215489,215490,215491,215492,215493,215494,215495,215496,215497,215498,215499,215500,215501,215502,215503,215504,215505,215506,215507,215508,215509,215510,215511,215512,215513,215514,215515,215516,215517,215518,215519
92,9200,'Saturday',215520,215521,215522,215523,215524,215525,215526,215527,215528,215529,215530,215531,215532,215533,215534,215535,215536,215537,215538,215539
92,9200,'Sunday',215540,215541,215542,215543,215544,215545,215546,215547,215548,215549,215550,215551,215552,215553,215554,215555,215556,215557,215558,215559
92,9200,'Weekday',215560,215561,215562,215563,215564,215565,215566,215567,215568,215569,215570,215571,215572,215573,215574,215575,215576,215577,215578,215579,215580,215581,215582,215583,215584,215585,215586,215587,215588,215589,215590,215591,215592,215593,215594
92,9201,'Saturday',215595,215596,215597,215598,215599,215600,215601,215602,215603,215604,215605,215606,215607,215608,215609,215610,215611,215612,215613,215614,215615,215616
92,9201,'Sunday',215617,215618,215619,215620,215621,215622,215623,215624,215625,215626,215627,215628,215629,215630,215631,215632,215633,215634,215635,215636,215637
92,9201,'Weekday',215638,215639,215640,215641,215642,215643,215644,215645,215646,215647,215648,215649,215650,215651,215652,215653,215654,215655,215656,215657,215658,215659,215660,215661,215662,215663,215664,215665,215666,215667,215668,215669,215670,215671
93,9300,'Saturday',215672,215673,215674,215675,215676,215677,215678,215679,215680,215681,215682,215683,215684,215685,215686,215687,215688,215689,215690,215691,215692,215693,215694,215695,215696,215697,215698
93,9300,'Sunday',215699,215700,215701,215702,215703,215704,215705,215706,215707,215708,215709,215710,215711,215712,215713,215714,215715,215716,215717,215718,215719,215720,215721,215722,215723,215724,215725
93,9300,'Weekday',215726,215727,215728,215729,215730,215731,215732,215733,215734,215735,215736,215737,215738,215739,215740,215741,215742,215743,215744,215745,215746,215747,215748,215749,215750,215751,215752,215753,215754,215755,215756,215757,215758,215759,215760,215761,215762,215763,215764,215765
93,9301,'Saturday',215766,215767,215768,215769,215770,215771,215772,215773,215774,215775,215776,215777,215778,215779,215780,215781,215782,215783,215784,215785,215786,215787,215788,215789,215790,215791,215792
93,9301,'Sunday',215793,215794,215795,215796,215797,215798,215799,215800,215801,215802,215803,215804,215805,215806,215807,215808,215809,215810,215811,215812,215813,215814,215815,215816,215817,215818,215819
93,9301,'Weekday',215820,215821,215822,215823,215824,215825,215826,215827,215828,215829,215830,215831,215832,215833,215834,215835,215836,215837,215838,215839,215840,215841,215842,215843,215844,215845,215846,215847,215848,215849,215850,215851,215852,215853,215854,215855,215856,215857,215858,215859
94,9400,'Saturday',215860,215861,215862,215863,215864,215865,215866,215867,215868,215869,215870,215871,215872,215873,215874,215875,215876,215877,215878
94,9400,'Sunday',215879,215880,215881,215882,215883,215884,215885,215886,215887,215888,215889,215890,215891,215892,215893,215894,215895,215896,215897
94,9400,'Weekday',215898,215899,215900,215901,215902,215903,215904,215905,215906,215907,215908,215909,215910,215911,215912,215913,215914,215915,215916,215917,215918,215919,215920,215921,215922,215923,215924,215925,215926,215927,215928,215929,215930,215931,215932,215933,215934,215935,215936,215937,215938
94,9401,'Saturday',215939,215940,215941,215942,215943,215944,215945,215946,215947,215948,215949,215950,215951,215952,215953,215954,215955,215956,215957,215958
94,9401,'Sunday',215959,215960,215961,215962,215963,215964,215965,215966,215967,215968,215969,215970,215971,215972,215973,215974,215975,215976,215977,215978
94,9401,'Weekday',215979,215980,215981,215982,215983,215984,215985,215986,215987,215988,215989,215990,215991,215992,215993,215994,215995,215996,215997,215998,215999,216000,216001,216002,216003,216004,216005,216006,216007,216008,216009,216010,216011,216012,216013,216014,216015,216016,216017,216018,216019,216020
96,9600,'Saturday',216021,216022,216023,216024,216025,216026,216027,216028,216029,216030,216031,216032,216033,216034,216035,216036,216037,216038,216039,216040,216041,216042
96,9600,'Sunday',216043,216044,216045,216046,216047,216048,216049,216050,216051,216052,216053,216054,216055,216056,216057,216058,216059,216060,216061,216062,216063,216064
96,9600,'Weekday',216065,216066,216067,216068,216069,216070,216071,216072,216073,216074,216075,216076,216077,216078,216079,216080,216081,216082,216083,216084,216085,216086,216087,216088,216089,216090,216091,216092,216093,216094,216095,216096,216097,216098,216099
96,9601,'Saturday',216100,216101,216102,216103,216104,216105,216106,216107,216108,216109,216110,216111,216112,216113,216114,216115,216116,216117,216118,216119,216120,216121,216122,216123
96,9601,'Sunday',216124,216125,216126,216127,216128,216129,216130,216131,216132,216133,216134,216135,216136,216137,216138,216139,216140,216141,216142,216143,216144,216145,216146
96,9601,'Weekday',216147,216148,216149,216150,216151,216152,216153,216154,216155,216156,216157,216158,216159,216160,216161,216162,216163,216164,216165,216166,216167,216168,216169,216170,216171,216172,216173,216174,216175,216176,216177,216178,216179,216180
97,9700,'Saturday',216181,216182,216183,216184,216185,216186,216187,216188,216189,216190,216191,216192,216193,216194,216195,216196,216197,216198,216199,216200,216201,216202,216203,216204,216205,216206,216207
97,9700,'Sunday',216208,216209,216210,216211,216212,216213,216214,216215,216216,216217,216218,216219,216220,216221,216222,216223,216224,216225,216226,216227,216228,216229,216230,216231,216232,216233,216234
97,9700,'Weekday',216235,216236,216237,216238,216239,216240,216241,216242,216243,216244,216245,216246,216247,216248,216249,216250,216251,216252,216253,216254,216255,216256,216257,216258,216259,216260,216261,216262,216263,216264,216265,216266,216267,216268,216269,216270,216271
97,9701,'Saturday',216272,216273,216274,216275,216276,216277,216278,216279,216280,216281,216282,216283,216284,216285,216286,216287,216288,216289,216290,216291,216292,216293,216294,216295,216296,216297,216298
97,9701,'Sunday',216299,216300,216301,216302,216303,216304,216305,216306,216307,216308,216309,216310,216311,216312,216313,216314,216315,216316,216317,216318,216319,216320,216321,216322,216323,216324,216325
97,9701,'Weekday',216326,216327,216328,216329,216330,216331,216332,216333,216334,216335,216336,216337,216338,216339,216340,216341,216342,216343,216344,216345,216346,216347,216348,216349,216350,216351,216352,216353,216354,216355,216356,216357,216358,216359,216360,216361,216362,216363
98,9800,'Saturday',216364,216365,216366,216367,216368,216369,216370,216371,216372,216373,216374,216375,216376,216377,216378,216379,216380,216381,216382,216383,216384,216385,216386,216387,216388,216389,216390,216391,216392,216393
98,9800,'Sunday',216394,216395,216396,216397,216398,216399,216400,216401,216402,216403,216404,216405,216406,216407,216408,216409,216410,216411,216412,216413,216414,216415,216416,216417,216418,216419
98,9800,'Weekday',216420,216421,216422,216423,216424,216425,216426,216427,216428,216429,216430,216431,216432,216433,216434,216435,216436,216437,216438,216439,216440,216441,216442,216443,216444,216445,216446,216447,216448,216449,216450,216451,216452,216453,216454,216455
98,9800,'Weekday0000100',216456
98,9800,'Weekday1111000',216457
98,9801,'Saturday',216458,216459,216460,216461,216462,216463,216464,216465,216466,216467,216468,216469,216470,216471,216472,216473,216474,216475,216476,216477,216478,216479,216480,216481,216482,216483,216484,216485,216486,216487
98,9801,'Sunday',216488,216489,216490,216491,216492,216493,216494,216495,216496,216497,216498,216499,216500,216501,216502,216503,216504,216505,216506,216507,216508,216509,216510,216511,216512,216513
98,9801,'Weekday',216514,216515,216516,216517,216518,216519,216520,216521,216522,216523,216524,216525,216526,216527,216528,216529,216530,216531,216532,216533,216534,216535,216536,216537,216538,216539,216540,216541,216542,216543,216544,216545,216546,216547,216548,216549,216550
98,9801,'Weekday0000100',216551
98,9801,'Weekday1111000',216552
99,9900,'Saturday',216553,216554,216555,216556,216557,216558,216559,216560,216561,216562,216563,216564,216565,216566,216567,216568,216569,216570,216571,216572,216573,216574,216575,216576,216577,216578,216579,216580,216581,216582,216583,216584,216585,216586,216587
99,9900,'Sunday',216588,216589,216590,216591,216592,216593,216594,216595,216596,216597,216598,216599,216600,216601,216602,216603,216604,216605,216606,216607,216608,216609,216610,216611,216612,216613,216614,216615,216616,216617,216618,216619
99,9900,'Weekday',216620,216621,216622,216623,216624,216625,216626,216627,216628,216629,216630,216631,216632,216633,216634,216635,216636,216637,216638,216639,216640,216641,216642,216643,216644,216645,216646,216647,216648,216649,216650,216651,216652,216653,216654,216655,216656,216657
99,9901,'Saturday',216658,216659,216660,216661,216662,216663,216664,216665,216666,216667,216668,216669,216670,216671,216672,216673,216674,216675,216676,216677,216678,216679,216680,216681,216682,216683,216684,216685,216686,216687,216688,216689,216690,216691,216692
99,9901,'Sunday',216693,216694,216695,216696,216697,216698,216699,216700,216701,216702,216703,216704,216705,216706,216707,216708,216709,216710,216711,216712,216713,216714,216715,216716,216717,216718,216719,216720,216721,216722,216723,216724
99,9901,'Weekday',216725,216726,216727,216728,216729,216730,216731,216732,216733,216734,216735,216736,216737,216738,216739,216740,216741,216742,216743,216744,216745,216746,216747,216748,216749,216750,216751,216752,216753,216754,216755,216756,216757,216758,216759,216760,216761,216762,216763
100,10000,'Saturday',216764,216765,216766,216767,216768,216769,216770,216771,216772,216773,216774,216775,216776,216777,216778,216779,216780,216781,216782,216783,216784,216785,216786,216787,216788,216789,216790,216791,216792,216793,216794,216795,216796,216797,216798,216799,216800,216801,216802
100,10000,'Sunday',216803,216804,216805,216806,216807,216808,216809,216810,216811,216812,216813,216814,216815,216816,216817,216818,216819,216820,216821,216822,216823,216824,216825,216826,216827,216828,216829,216830,216831,216832,216833,216834,216835,216836,216837,216838,216839,216840,216841
100,10000,'Weekday',216842,216843,216844,216845,216846,216847,216848,216849,216850,216851,216852,216853,216854,216855,216856,216857,216858,216859,216860,216861,216862,216863,216864,216865,216866,216867,216868,216869,216870,216871,216872,216873,216874,216875,216876,216877,216878,216879,216880,216881,216882
100,10001,'Saturday',216883,216884,216885,216886,216887,216888,216889,216890,216891,216892,216893,216894,216895,216896,216897,216898,216899,216900,216901,216902,216903,216904,216905,216906,216907,216908,216909,216910,216911,216912,216913,216914,216915,216916,216917,216918,216919,216920,216921,216922
100,10001,'Sunday',216923,216924,216925,216926,216927,216928,216929,216930,216931,216932,216933,216934,216935,216936,216937,216938,216939,216940,216941,216942,216943,216944,216945,216946,216947,216948,216949,216950,216951,216952,216953,216954,216955,216956,216957,216958,216959,216960,216961,216962
100,10001,'Weekday',216963,216964,216965,216966,216967,216968,216969,216970,216971,216972,216973,216974,216975,216976,216977,216978,216979,216980,216981,216982,216983,216984,216985,216986,216987,216988,216989,216990,216991,216992,216993,216994,216995,216996,216997,216998,216999,217000,217001,217002,217003,217004
101,10100,'Saturday',217005,217006,217007,217008,217009,217010,217011,217012,217013,217014,217015,217016
101,10100,'Sunday',217017,217018,217019,217020,217021,217022,217023,217024,217025,217026,217027,217028
101,10100,'Weekday',217029,217030,217031,217032,217033,217034,217035,217036,217037,217038,217039,217040,217041,217042,217043,217044,217045,217046,217047,217048
101,10101,'Saturday',217049,217050,217051,217052,217053,217054,217055,217056,217057,217058,217059,217060,217061
101,10101,'Sunday',217062,217063,217064,217065,217066,217067,217068,217069,217070,217071,217072,217073,217074
101,10101,'Weekday',217075,217076,217077,217078,217079,217080,217081,217082,217083,217084,217085,217086,217087,217088,217089,217090,217091,217092,217093
102,10200,'Saturday',217094,217095,217096,217097,217098,217099,217100,217101,217102,217103,217104,217105,217106,217107,217108,217109,217110,217111,217112,217113,217114,217115,217116,217117,217118,217119,217120,217121,217122,217123,217124,217125,217126,217127,217128,217129,217130
102,10200,'Sunday',217131,217132,217133,217134,217135,217136,217137,217138,217139,217140,217141,217142,217143,217144,217145,217146,217147,217148,217149,217150,217151,217152,217153,217154,217155,217156,217157,217158,217159,217160,217161,217162,217163,217164,217165
102,10200,'Weekday',217166,217167,217168,217169,217170,217171,217172,217173,217174,217175,217176,217177,217178,217179,217180,217181,217182,217183,217184,217185,217186,217187,217188,217189,217190,217191,217192,217193,217194,217195,217196,217197,217198,217199,217200,217201,217202,217203,217204,217205,217206,217207,217208,217209,217210,217211,217212,217213
102,10201,'Saturday',217214,217215,217216,217217,217218,217219,217220,217221,217222,217223,217224,217225,217226,217227,217228,217229,217230,217231,217232,217233,217234,217235,217236,217237,217238,217239,217240,217241,217242,217243,217244,217245,217246,217247,217248,217249,217250
102,10201,'Sunday',217251,217252,217253,217254,217255,217256,217257,217258,217259,217260,217261,217262,217263,217264,217265,217266,217267,217268,217269,217270,217271,217272,217273,217274,217275,217276,217277,217278,217279,217280,217281,217282,217283,217284,217285
102,10201,'Weekday',217286,217287,217288,217289,217290,217291,217292,217293,217294,217295,217296,217297,217298,217299,217300,217301,217302,217303,217304,217305,217306,217307,217308,217309,217310,217311,217312,217313,217314,217315,217316,217317,217318,217319,217320,217321,217322,217323,217324,217325,217326,217327,217328,217329,217330,217331,217332,217333,217334
104,10400,'Saturday',217335,217336,217337,217338,217339,217340,217341,217342,217343,217344,217345,217346,217347,217348,217349,217350,217351,217352,217353,217354,217355,217356,217357,217358,217359,217360,217361,217362,217363,217364
104,10400,'Sunday',217365,217366,217367,217368,217369,217370,217371,217372,217373,217374,217375,217376,217377,217378,217379,217380,217381,217382,217383,217384,217385,217386,217387,217388,217389,217390,217391,217392,217393,217394
104,10400,'Weekday',217395,217396,217397,217398,217399,217400,217401,217402,217403,217404,217405,217406,217407,217408,217409,217410,217411,217412,217413,217414,217415,217416,217417,217418,217419,217420,217421,217422,217423,217424,217425,217426,217427,217428,217429,217430,217431
104,10401,'Saturday',217432,217433,217434,217435,217436,217437,217438,217439,217440,217441,217442,217443,217444,217445,217446,217447,217448,217449,217450,217451,217452,217453,217454,217455,217456,217457,217458,217459,217460,217461
104,10401,'Sunday',217462,217463,217464,217465,217466,217467,217468,217469,217470,217471,217472,217473,217474,217475,217476,217477,217478,217479,217480,217481,217482,217483,217484,217485,217486,217487,217488,217489,217490,217491
104,10401,'Weekday',217492,217493,217494,217495,217496,217497,217498,217499,217500,217501,217502,217503,217504,217505,217506,217507,217508,217509,217510,217511,217512,217513,217514,217515,217516,217517,217518,217519,217520,217521,217522,217523,217524,217525,217526,217527
105,10500,'Saturday',217528,217529,217530,217531,217532,217533,217534,217535,217536,217537,217538,217539,217540,217541,217542,217543,217544,217545,217546,217547,217548,217549
105,10500,'Sunday',217550,217551,217552,217553,217554,217555,217556,217557,217558,217559,217560,217561,217562,217563,217564,217565,217566,217567,217568,217569,217570,217571
105,10500,'Weekday',217572,217573,217574,217575,217576,217577,217578,217579,217580,217581,217582,217583,217584,217585,217586,217587,217588,217589,217590,217591,217592,217593,217594,217595,217596,217597,217598,217599,217600,217601,217602,217603,217604,217605,217606
105,10500,'Weekday0000100',217607
105,10500,'Weekday1111000',217608
105,10501,'Saturday',217609,217610,217611,217612,217613,217614,217615,217616,217617,217618,217619,217620,217621,217622,217623,217624,217625,217626,217627,217628,217629,217630
105,10501,'Sunday',217631,217632,217633,217634,217635,217636,217637,217638,217639,217640,217641,217642,217643,217644,217645,217646,217647,217648,217649,217650,217651,217652
105,10501,'Weekday',217653,217654,217655,217656,217657,217658,217659,217660,217661,217662,217663,217664,217665,217666,217667,217668,217669,217670,217671,217672,217673,217674,217675,217676,217677,217678,217679,217680,217681,217682,217683,217684,217685,217686,217687
108,10800,'Saturday',217688,217689,217690,217691,217692,217693,217694,217695,217696,217697,217698,217699,217700,217701,217702,217703,217704,217705,217706,217707,217708,217709
108,10800,'Sunday',217710,217711,217712,217713,217714,217715,217716,217717,217718,217719,217720,217721,217722,217723,217724,217725,217726,217727,217728,217729,217730,217731
108,10800,'Weekday',217732,217733,217734,217735,217736,217737,217738,217739,217740,217741,217742,217743,217744,217745,217746,217747,217748,217749,217750,217751,217752,217753,217754,217755,217756,217757,217758,217759,217760,217761,217762,217763,217764,217765,217766,217767,217768,217769,217770,217771
108,10801,'Saturday',217772,217773,217774,217775,217776,217777,217778,217779,217780,217781,217782,217783,217784,217785,217786,217787,217788,217789,217790,217791,217792
108,10801,'Sunday',217793,217794,217795,217796,217797,217798,217799,217800,217801,217802,217803,217804,217805,217806,217807,217808,217809,217810,217811,217812,217813
108,10801,'Weekday',217814,217815,217816,217817,217818,217819,217820,217821,217822,217823,217824,217825,217826,217827,217828,217829,217830,217831,217832,217833,217834,217835,217836,217837,217838,217839,217840,217841,217842,217843,217844,217845,217846,217847,217848,217849,217850
109,10900,'Weekday',217851
109,10901,'Weekday',217852
111,11100,'Saturday',217853,217854,217855,217856,217857,217858,217859,217860,217861,217862,217863,217864,217865,217866,217867,217868,217869,217870,217871,217872,217873
111,11100,'Sunday',217874,217875,217876,217877,217878,217879,217880,217881,217882,217883,217884,217885,217886,217887,217888,217889,217890,217891,217892,217893,217894
111,11100,'Weekday',217895,217896,217897,217898,217899,217900,217901,217902,217903,217904,217905,217906,217907,217908,217909,217910,217911,217912,217913,217914,217915,217916,217917,217918,217919,217920,217921,217922,217923,217924,217925,217926,217927,217928
111,11101,'Saturday',217929,217930,217931,217932,217933,217934,217935,217936,217937,217938,217939,217940,217941,217942,217943,217944,217945,217946,217947,217948
111,11101,'Sunday',217949,217950,217951,217952,217953,217954,217955,217956,217957,217958,217959,217960,217961,217962,217963,217964,217965,217966,217967,217968
111,11101,'Weekday',217969,217970,217971,217972,217973,217974,217975,217976,217977,217978,217979,217980,217981,217982,217983,217984,217985,217986,217987,217988,217989,217990,217991,217992,217993,217994,217995,217996,217997,217998,217999,218000,218001
113,11300,'Weekday',218002,218003,218004,218005,218006,218007,218008,218009,218010,218011,218012,218013,218014,218015,218016,218017,218018,218019,218020,218021,218022,218023,218024,218025,218026,218027,218028,218029,218030,218031,218032,218033,218034,218035
113,11301,'Weekday',218036,218037,218038,218039,218040,218041,218042,218043,218044,218045,218046,218047,218048,218049,218050,218051,218052,218053,218054,218055,218056,218057,218058,218059,218060,218061,218062,218063,218064,218065,218066,218067,218068,218069,218070
114,11400,'Saturday',218071,218072,218073,218074,218075,218076,218077,218078,218079,218080,218081,218082,218083,218084,218085,218086,218087,218088,218089,218090,218091,218092,218093,218094,218095,218096,218097,218098,218099,218100,218101
114,11400,'Sunday',218102,218103,218104,218105,218106,218107,218108,218109,218110,218111,218112,218113,218114,218115,218116,218117,218118,218119,218120,218121,218122,218123,218124,218125,218126,218127,218128,218129,218130,218131,218132
114,11400,'Weekday',218133,218134,218135,218136,218137,218138,218139,218140,218141,218142,218143,218144,218145,218146,218147,218148,218149,218150,218151,218152,218153,218154,218155,218156,218157,218158,218159,218160,218161,218162,218163,218164,218165,218166,218167,218168,218169,218170,218171,218172,218173,218174,218175,218176,218177,218178
114,11401,'Saturday',218179,218180,218181,218182,218183,218184,218185,218186,218187,218188,218189,218190,218191,218192,218193,218194,218195,218196,218197,218198,218199,218200,218201,218202,218203,218204,218205,218206,218207,218208,218209,218210
114,11401,'Sunday',218211,218212,218213,218214,218215,218216,218217,218218,218219,218220,218221,218222,218223,218224,218225,218226,218227,218228,218229,218230,218231,218232,218233,218234,218235,218236,218237,218238,218239,218240,218241,218242
114,11401,'Weekday',218243,218244,218245,218246,218247,218248,218249,218250,218251,218252,218253,218254,218255,218256,218257,218258,218259,218260,218261,218262,218263,218264,218265,218266,218267,218268,218269,218270,218271,218272,218273,218274,218275,218276,218277,218278,218279,218280,218281,218282,218283,218284,218285,218286,218287
115,11500,'Saturday',218288,218289,218290,218291,218292,218293,218294,218295,218296,218297,218298,218299,218300,218301,218302,218303,218304,218305,218306,218307,218308,218309,218310,218311,218312,218313,218314,218315
115,11500,'Sunday',218316,218317,218318,218319,218320,218321,218322,218323,218324,218325,218326,218327,218328,218329,218330,218331,218332,218333,218334,218335,218336,218337,218338,218339,218340,218341,218342,218343
115,11500,'Weekday',218344,218345,218346,218347,218348,218349,218350,218351,218352,218353,218354,218355,218356,218357,218358,218359,218360,218361,218362,218363,218364,218365,218366,218367,218368,218369,218370,218371,218372,218373,218374,218375,218376,218377,218378,218379,218380,218381,218382,218383,218384
115,11501,'Saturday',218385,218386,218387,218388,218389,218390,218391,218392,218393,218394,218395,218396,218397,218398,218399,218400,218401,218402,218403,218404,218405,218406,218407,218408,218409,218410,218411
115,11501,'Sunday',218412,218413,218414,218415,218416,218417,218418,218419,218420,218421,218422,218423,218424,218425,218426,218427,218428,218429,218430,218431,218432,218433,218434,218435,218436,218437,218438
115,11501,'Weekday',218439,218440,218441,218442,218443,218444,218445,218446,218447,218448,218449,218450,218451,218452,218453,218454,218455,218456,218457,218458,218459,218460,218461,218462,218463,218464,218465,218466,218467,218468,218469,218470,218471,218472,218473,218474,218475,218476
116,11600,'Weekday',218477
116,11601,'Weekday',218478
117,11700,'Weekday',218479,218480,218481
117,11701,'Weekday',218482,218483,218484
119,11900,'Saturday',218485,218486,218487,218488,218489,218490,218491,218492,218493,218494,218495,218496,218497
119,11900,'Sunday',218498,218499,218500,218501,218502,218503,218504,218505,218506,218507,218508,218509,218510
119,11900,'Weekday',218511,218512,218513,218514,218515,218516,218517,218518,218519,218520,218521,218522,218523
119,11901,'Saturday',218524,218525,218526,218527,218528,218529,218530,218531
119,11901,'Sunday',218532,218533,218534,218535,218536,218537,218538,218539
119,11901,'Weekday',218540,218541,218542,218543,218544,218545,218546,218547
120,12000,'Saturday',218548,218549,218550,218551,218552,218553,218554,218555,218556,218557,218558,218559,218560,218561,218562,218563,218564,218565,218566,218567,218568,218569,218570
120,12000,'Sunday',218571,218572,218573,218574,218575,218576,218577,218578,218579,218580,218581,218582,218583,218584,218585,218586,218587,218588,218589,218590,218591,218592,218593
120,12000,'Weekday',218594,218595,218596,218597,218598,218599,218600,218601,218602,218603,218604,218605,218606,218607,218608,218609,218610,218611,218612,218613,218614,218615,218616,218617,218618,218619,218620,218621,218622,218623,218624,218625
120,12001,'Saturday',218626,218627,218628,218629,218630,218631,218632,218633,218634,218635,218636,218637,218638,218639,218640,218641,218642,218643,218644,218645,218646,218647,218648
120,12001,'Sunday',218649,218650,218651,218652,218653,218654,218655,218656,218657,218658,218659,218660,218661,218662,218663,218664,218665,218666,218667,218668,218669,218670,218671
120,12001,'Weekday',218672,218673,218674,218675,218676,218677,218678,218679,218680,218681,218682,218683,218684,218685,218686,218687,218688,218689,218690,218691,218692,218693,218694,218695,218696,218697,218698,218699,218700,218701,218702,218703
124,12400,'Saturday',218704,218705,218706,218707,218708,218709,218710,218711,218712,218713,218714,218715,218716,218717,218718,218719,218720,218721,218722,218723,218724,218725,218726,218727,218728,218729,218730,218731,218732,218733,218734,218735,218736,218737,218738,218739,218740,218741,218742,218743
124,12400,'Sunday',218744,218745,218746,218747,218748,218749,218750,218751,218752,218753,218754,218755,218756,218757,218758,218759,218760,218761,218762,218763,218764,218765,218766,218767,218768,218769,218770,218771,218772,218773,218774,218775,218776,218777,218778,218779,218780,218781,218782,218783
124,12400,'Weekday',218784,218785,218786,218787,218788,218789,218790,218791,218792,218793,218794,218795,218796,218797,218798,218799,218800,218801,218802,218803,218804,218805,218806,218807,218808,218809,218810,218811,218812,218813,218814,218815,218816,218817,218818,218819,218820,218821,218822,218823,218824,218825,218826,218827,218828,218829,218830,218831,218832,218833,218834,218835,218836,218837,218838,218839,218840,218841,218842,218843,218844,218845,218846,218847,218848,218849
124,12401,'Saturday',218850,218851,218852,218853,218854,218855,218856,218857,218858,218859,218860,218861,218862,218863,218864,218865,218866,218867,218868,218869,218870,218871,218872,218873,218874,218875,218876,218877,218878,218879,218880,218881,218882,218883,218884,218885,218886,218887,218888,218889
124,12401,'Sunday',218890,218891,218892,218893,218894,218895,218896,218897,218898,218899,218900,218901,218902,218903,218904,218905,218906,218907,218908,218909,218910,218911,218912,218913,218914,218915,218916,218917,218918,218919,218920,218921,218922,218923,218924,218925,218926,218927,218928,218929
124,12401,'Weekday',218930,218931,218932,218933,218934,218935,218936,218937,218938,218939,218940,218941,218942,218943,218944,218945,218946,218947,218948,218949,218950,218951,218952,218953,218954,218955,218956,218957,218958,218959,218960,218961,218962,218963,218964,218965,218966,218967,218968,218969,218970,218971,218972,218973,218974,218975,218976,218977,218978,218979,218980,218981,218982,218983,218984,218985,218986,218987,218988,218989,218990,218991,218992,218993,218994,218995
125,12501,'Weekday',218996,218997,218998,218999,219000,219001,219002,219003,219004,219005,219006,219007,219008,219009,219010,219011,219012,219013,219014,219015,219016,219017,219018,219019,219020,219021,219022,219023,219024,219025,219026,219027
126,12600,'Saturday',219028,219029,219030,219031,219032,219033,219034,219035,219036,219037,219038,219039,219040,219041,219042,219043,219044,219045,219046,219047,219048,219049,219050,219051,219052,219053,219054,219055,219056,219057,219058,219059,219060,219061,219062,219063,219064
126,12600,'Sunday',219065,219066,219067,219068,219069,219070,219071,219072,219073,219074,219075,219076,219077,219078,219079,219080,219081,219082,219083,219084,219085,219086,219087,219088,219089,219090,219091,219092,219093,219094,219095,219096,219097,219098,219099
126,12600,'Weekday',219100,219101,219102,219103,219104,219105,219106,219107,219108,219109,219110,219111,219112,219113,219114,219115,219116,219117,219118,219119,219120,219121,219122,219123,219124,219125,219126,219127,219128,219129,219130,219131,219132,219133,219134,219135,219136
127,12700,'Saturday',219137,219138,219139,219140,219141,219142,219143,219144,219145,219146,219147,219148,219149,219150,219151,219152,219153,219154,219155,219156,219157,219158,219159,219160,219161,219162,219163
127,12700,'Sunday',219164,219165,219166,219167,219168,219169,219170,219171,219172,219173,219174,219175,219176,219177,219178,219179,219180,219181,219182,219183,219184,219185,219186,219187,219188,219189,219190
127,12700,'Weekday',219191,219192,219193,219194,219195,219196,219197,219198,219199,219200,219201,219202,219203,219204,219205,219206,219207,219208,219209,219210,219211,219212,219213,219214,219215,219216,219217,219218,219219,219220,219221,219222,219223,219224,219225,219226
127,12701,'Saturday',219227,219228,219229,219230,219231,219232,219233,219234,219235,219236,219237,219238,219239,219240,219241,219242,219243,219244,219245,219246,219247,219248,219249,219250,219251,219252,219253
127,12701,'Sunday',219254,219255,219256,219257,219258,219259,219260,219261,219262,219263,219264,219265,219266,219267,219268,219269,219270,219271,219272,219273,219274,219275,219276,219277,219278,219279,219280
127,12701,'Weekday',219281,219282,219283,219284,219285,219286,219287,219288,219289,219290,219291,219292,219293,219294,219295,219296,219297,219298,219299,219300,219301,219302,219303,219304,219305,219306,219307,219308,219309,219310,219311,219312,219313,219314,219315
128,12801,'Saturday',219316,219317,219318,219319,219320,219321,219322,219323,219324,219325,219326,219327,219328,219329,219330,219331,219332,219333,219334,219335,219336,219337,219338,219339,219340,219341,219342,219343,219344,219345,219346,219347,219348,219349,219350,219351,219352,219353,219354,219355,219356,219357,219358,219359,219360,219361,219362,219363,219364,219365,219366,219367,219368,219369,219370,219371,219372,219373
128,12801,'Sunday',219374,219375,219376,219377,219378,219379,219380,219381,219382,219383,219384,219385,219386,219387,219388,219389,219390,219391,219392,219393,219394,219395,219396,219397,219398,219399,219400,219401,219402,219403,219404,219405,219406,219407,219408,219409,219410,219411,219412,219413,219414,219415,219416,219417,219418,219419,219420,219421,219422,219423,219424,219425,219426,219427,219428,219429,219430,219431
128,12801,'Weekday',219432,219433,219434,219435,219436,219437,219438,219439,219440,219441,219442,219443,219444,219445,219446,219447,219448,219449,219450,219451,219452,219453,219454,219455,219456,219457,219458,219459,219460,219461,219462,219463,219464,219465,219466,219467,219468,219469,219470,219471,219472,219473,219474,219475,219476,219477,219478,219479,219480,219481,219482,219483,219484,219485,219486,219487,219488,219489,219490,219491,219492,219493,219494,219495,219496,219497,219498,219499,219500,219501,219502,219503,219504,219505,219506,219507,219508,219509,219510,219511,219512,219513,219514,219515,219516,219517,219518,219519,219520,219521
129,12900,'Saturday',219522,219523,219524,219525,219526,219527,219528,219529,219530,219531,219532,219533,219534,219535,219536,219537,219538,219539,219540,219541,219542,219543,219544,219545,219546,219547
129,12900,'Sunday',219548,219549,219550,219551,219552,219553,219554,219555,219556,219557,219558,219559,219560,219561,219562,219563,219564,219565,219566,219567,219568,219569,219570,219571,219572,219573
129,12900,'Weekday',219574,219575,219576,219577,219578,219579,219580,219581,219582,219583,219584,219585,219586,219587,219588,219589,219590,219591,219592,219593,219594,219595,219596,219597,219598,219599,219600,219601,219602,219603,219604,219605,219606,219607,219608,219609,219610
129,12901,'Saturday',219611,219612,219613,219614,219615,219616,219617,219618,219619,219620,219621,219622,219623,219624,219625,219626,219627,219628,219629,219630,219631,219632,219633,219634,219635,219636
129,12901,'Sunday',219637,219638,219639,219640,219641,219642,219643,219644,219645,219646,219647,219648,219649,219650,219651,219652,219653,219654,219655,219656,219657,219658,219659,219660,219661,219662
129,12901,'Weekday',219663,219664,219665,219666,219667,219668,219669,219670,219671,219672,219673,219674,219675,219676,219677,219678,219679,219680,219681,219682,219683,219684,219685,219686,219687,219688,219689,219690,219691,219692,219693,219694,219695,219696,219697,219698,219699,219700,219701
131,13100,'Weekday',219702,219703,219704,219705
131,13101,'Weekday',219706,219707,219708,219709
134,13400,'Weekday',219710,219711,219712,219713,219714,219715,219716,219717,219718,219719,219720,219721,219722,219723,219724,219725,219726,219727,219728,219729,219730,219731,219732,219733,219734,219735,219736,219737,219738,219739,219740,219741,219742,219743,219744,219745,219746,219747
134,13401,'Weekday',219748,219749,219750,219751,219752,219753,219754,219755,219756,219757,219758,219759,219760,219761,219762,219763,219764,219765,219766,219767,219768,219769,219770,219771,219772,219773,219774,219775,219776,219777,219778,219779,219780,219781,219782,219783,219784
135,13500,'Weekday',219785,219786,219787,219788,219789,219790,219791,219792,219793,219794,219795,219796,219797,219798,219799,219800,219801,219802,219803,219804,219805,219806
135,13501,'Weekday',219807,219808,219809,219810,219811,219812,219813,219814,219815,219816,219817,219818,219819,219820,219821,219822,219823,219824,219825,219826,219827
136,13600,'Saturday',219828,219829,219830,219831,219832,219833,219834,219835,219836,219837,219838,219839,219840,219841,219842,219843,219844,219845,219846,219847,219848,219849,219850,219851,219852,219853,219854,219855,219856,219857,219858,219859,219860,219861,219862,219863,219864,219865,219866
136,13600,'Sunday',219867,219868,219869,219870,219871,219872,219873,219874,219875,219876,219877,219878,219879,219880,219881,219882,219883,219884,219885,219886,219887,219888,219889,219890,219891,219892,219893,219894,219895,219896,219897,219898,219899,219900,219901,219902,219903,219904,219905
136,13600,'Weekday',219906,219907,219908,219909,219910,219911,219912,219913,219914,219915,219916,219917,219918,219919,219920,219921,219922,219923,219924,219925,219926,219927,219928,219929,219930,219931,219932,219933,219934,219935,219936,219937,219938,219939,219940,219941,219942,219943,219944,219945,219946
137,13700,'Saturday',219947,219948,219949,219950,219951,219952,219953,219954,219955,219956,219957,219958,219959,219960,219961,219962,219963,219964,219965,219966,219967,219968,219969,219970,219971,219972,219973,219974,219975,219976,219977
137,13700,'Sunday',219978,219979,219980,219981,219982,219983,219984,219985,219986,219987,219988,219989,219990,219991,219992,219993,219994,219995,219996,219997,219998,219999,220000,220001,220002,220003,220004,220005,220006,220007,220008
137,13700,'Weekday',220009,220010,220011,220012,220013,220014,220015,220016,220017,220018,220019,220020,220021,220022,220023,220024,220025,220026,220027,220028,220029,220030,220031,220032,220033,220034,220035,220036,220037,220038,220039
137,13701,'Saturday',220040,220041,220042,220043,220044,220045,220046,220047,220048,220049,220050,220051,220052,220053,220054,220055,220056,220057,220058,220059,220060,220061,220062,220063,220064,220065,220066,220067,220068,220069,220070
137,13701,'Sunday',220071,220072,220073,220074,220075,220076,220077,220078,220079,220080,220081,220082,220083,220084,220085,220086,220087,220088,220089,220090,220091,220092,220093,220094,220095,220096,220097,220098,220099,220100,220101
137,13701,'Weekday',220102,220103,220104,220105,220106,220107,220108,220109,220110,220111,220112,220113,220114,220115,220116,220117,220118,220119,220120,220121,220122,220123,220124,220125,220126,220127,220128,220129,220130,220131,220132
138,13800,'Saturday',220133,220134,220135,220136,220137,220138,220139,220140,220141,220142,220143,220144,220145,220146,220147,220148,220149,220150,220151,220152,220153,220154,220155,220156,220157,220158,220159,220160
138,13800,'Sunday',220161,220162,220163,220164,220165,220166,220167,220168,220169,220170,220171,220172,220173,220174,220175,220176,220177,220178,220179,220180,220181,220182,220183,220184,220185,220186,220187
138,13800,'Weekday',220188,220189,220190,220191,220192,220193,220194,220195,220196,220197,220198,220199,220200,220201,220202,220203,220204,220205,220206,220207,220208,220209,220210,220211,220212,220213,220214,220215,220216,220217,220218,220219,220220,220221,220222,220223,220224,220225,220226,220227
138,13801,'Saturday',220228,220229,220230,220231,220232,220233,220234,220235,220236,220237,220238,220239,220240,220241,220242,220243,220244,220245,220246,220247,220248,220249,220250,220251,220252,220253,220254,220255
138,13801,'Sunday',220256,220257,220258,220259,220260,220261,220262,220263,220264,220265,220266,220267,220268,220269,220270,220271,220272,220273,220274,220275,220276,220277,220278,220279,220280,220281,220282
138,13801,'Weekday',220283,220284,220285,220286,220287,220288,220289,220290,220291,220292,220293,220294,220295,220296,220297,220298,220299,220300,220301,220302,220303,220304,220305,220306,220307,220308,220309,220310,220311,220312,220313,220314,220315,220316,220317,220318,220319,220320,220321,220322
142,14200,'Weekday',220323
142,14201,'Weekday',220324
145,14500,'Saturday',220325,220326,220327,220328,220329,220330,220331,220332,220333,220334,220335,220336,220337,220338,220339,220340,220341,220342,220343,220344,220345,220346,220347,220348,220349,220350,220351,220352,220353,220354,220355,220356,220357,220358,220359,220360,220361,220362,220363,220364,220365,220366,220367,220368,220369,220370,220371,220372,220373,220374,220375,220376,220377,220378,220379,220380,220381,220382,220383
145,14500,'Sunday',220384,220385,220386,220387,220388,220389,220390,220391,220392,220393,220394,220395,220396,220397,220398,220399,220400,220401,220402,220403,220404,220405,220406,220407,220408,220409,220410,220411,220412,220413,220414,220415,220416,220417,220418,220419,220420,220421,220422,220423,220424,220425,220426,220427,220428,220429,220430,220431,220432,220433,220434,220435,220436,220437,220438,220439,220440,220441,220442
145,14500,'Weekday',220443,220444,220445,220446,220447,220448,220449,220450,220451,220452,220453,220454,220455,220456,220457,220458,220459,220460,220461,220462,220463,220464,220465,220466,220467,220468,220469,220470,220471,220472,220473,220474,220475,220476,220477,220478,220479,220480,220481,220482,220483,220484,220485,220486,220487,220488,220489,220490,220491,220492,220493,220494,220495,220496,220497,220498,220499,220500,220501,220502,220503,220504,220505,220506,220507,220508,220509,220510,220511,220512,220513,220514,220515,220516,220517,220518,220519,220520,220521,220522,220523,220524,220525,220526,220527,220528,220529,220530,220531
147,14700,'Saturday',220532,220533,220534,220535,220536,220537,220538,220539,220540,220541,220542,220543
147,14700,'Sunday',220544,220545,220546,220547,220548,220549,220550,220551,220552,220553,220554,220555
147,14700,'Weekday',220556,220557,220558,220559,220560,220561,220562,220563,220564,220565,220566,220567,220568,220569,220570,220571,220572,220573,220574,220575,220576,220577,220578,220579,220580
147,14701,'Saturday',220581,220582,220583,220584,220585,220586,220587,220588,220589,220590,220591,220592
147,14701,'Sunday',220593,220594,220595,220596,220597,220598,220599,220600,220601,220602,220603,220604
147,14701,'Weekday',220605,220606,220607,220608,220609,220610,220611,220612,220613,220614,220615,220616,220617,220618,220619,220620,220621,220622,220623,220624,220625,220626,220627,220628
148,14800,'Saturday',220629,220630,220631,220632,220633,220634,220635,220636,220637,220638,220639,220640,220641,220642,220643,220644,220645,220646,220647,220648,220649,220650,220651,220652,220653,220654,220655,220656,220657,220658,220659
148,14800,'Sunday',220660,220661,220662,220663,220664,220665,220666,220667,220668,220669,220670,220671,220672,220673,220674,220675,220676,220677,220678,220679,220680,220681,220682,220683,220684,220685,220686,220687,220688,220689,220690
148,14800,'Weekday',220691,220692,220693,220694,220695,220696,220697,220698,220699,220700,220701,220702,220703,220704,220705,220706,220707,220708,220709,220710,220711,220712,220713,220714,220715,220716,220717,220718,220719,220720,220721,220722,220723,220724,220725,220726,220727,220728,220729,220730,220731,220732,220733,220734,220735,220736,220737
148,14801,'Saturday',220738,220739,220740,220741,220742,220743,220744,220745,220746,220747,220748,220749,220750,220751,220752,220753,220754,220755,220756,220757,220758,220759,220760,220761,220762,220763,220764,220765,220766,220767,220768
148,14801,'Sunday',220769,220770,220771,220772,220773,220774,220775,220776,220777,220778,220779,220780,220781,220782,220783,220784,220785,220786,220787,220788,220789,220790,220791,220792,220793,220794,220795,220796,220797,220798,220799
148,14801,'Weekday',220800,220801,220802,220803,220804,220805,220806,220807,220808,220809,220810,220811,220812,220813,220814,220815,220816,220817,220818,220819,220820,220821,220822,220823,220824,220825,220826,220827,220828,220829,220830,220831,220832,220833,220834,220835,220836,220837,220838,220839,220840,220841,220842,220843,220844,220845,220846,220847,220848
149,14900,'Saturday',220849,220850,220851,220852,220853,220854,220855,220856,220857,220858,220859,220860,220861,220862,220863,220864,220865,220866,220867,220868,220869,220870,220871,220872,220873,220874,220875,220876,220877
149,14900,'Sunday',220878,220879,220880,220881,220882,220883,220884,220885,220886,220887,220888,220889,220890,220891,220892,220893,220894,220895,220896,220897,220898,220899,220900,220901,220902,220903,220904,220905,220906
149,14900,'Weekday',220907,220908,220909,220910,220911,220912,220913,220914,220915,220916,220917,220918,220919,220920,220921,220922,220923,220924,220925,220926,220927,220928,220929,220930,220931,220932,220933,220934,220935,220936
149,14901,'Saturday',220937,220938,220939,220940,220941,220942,220943,220944,220945,220946,220947,220948,220949,220950,220951,220952,220953,220954,220955,220956,220957,220958,220959,220960,220961,220962,220963,220964,220965
149,14901,'Sunday',220966,220967,220968,220969,220970,220971,220972,220973,220974,220975,220976,220977,220978,220979,220980,220981,220982,220983,220984,220985,220986,220987,220988,220989,220990,220991,220992,220993,220994
149,14901,'Weekday',220995,220996,220997,220998,220999,221000,221001,221002,221003,221004,221005,221006,221007,221008,221009,221010,221011,221012,221013,221014,221015,221016,221017,221018,221019,221020,221021,221022,221023
150,15000,'Saturday',221024,221025,221026,221027,221028,221029,221030,221031,221032,221033,221034,221035,221036
150,15000,'Weekday',221037,221038,221039,221040,221041,221042,221043,221044,221045,221046,221047,221048,221049,221050,221051,221052,221053,221054,221055,221056,221057,221058,221059,221060,221061
150,15001,'Saturday',221062,221063,221064,221065,221066,221067,221068,221069,221070,221071,221072,221073,221074
150,15001,'Weekday',221075,221076,221077,221078,221079,221080,221081,221082,221083,221084,221085,221086,221087,221088,221089,221090,221091,221092,221093,221094,221095,221096,221097,221098,221099
151,15100,'Weekday',221100,221101
151,15101,'Weekday',221102,221103
152,15200,'Weekday',221104,221105,221106,221107,221108,221109,221110,221111,221112,221113,221114,221115,221116,221117,221118,221119,221120,221121,221122,221123,221124,221125,221126,221127,221128,221129,221130,221131,221132,221133,221134,221135,221136,221137,221138,221139,221140,221141
153,15300,'Saturday',221142,221143,221144,221145,221146,221147,221148,221149,221150,221151,221152,221153,221154,221155,221156,221157,221158,221159,221160,221161,221162,221163,221164,221165,221166,221167,221168
153,15300,'Sunday',221169,221170,221171,221172,221173,221174,221175,221176,221177,221178,221179,221180,221181,221182,221183,221184,221185,221186,221187,221188,221189,221190,221191,221192
153,15300,'Weekday',221193,221194,221195,221196,221197,221198,221199,221200,221201,221202,221203,221204,221205,221206,221207,221208,221209,221210,221211,221212,221213,221214,221215,221216,221217,221218,221219,221220,221221,221222,221223,221224,221225,221226,221227,221228,221229,221230,221231,221232,221233,221234,221235,221236,221237,221238,221239,221240,221241,221242,221243,221244
153,15301,'Saturday',221245,221246,221247,221248,221249,221250,221251,221252,221253,221254,221255,221256,221257,221258,221259,221260,221261,221262,221263,221264,221265,221266,221267,221268,221269,221270,221271
153,15301,'Sunday',221272,221273,221274,221275,221276,221277,221278,221279,221280,221281,221282,221283,221284,221285,221286,221287,221288,221289,221290,221291,221292,221293,221294,221295
153,15301,'Weekday',221296,221297,221298,221299,221300,221301,221302,221303,221304,221305,221306,221307,221308,221309,221310,221311,221312,221313,221314,221315,221316,221317,221318,221319,221320,221321,221322,221323,221324,221325,221326,221327,221328,221329,221330,221331,221332,221333,221334,221335,221336,221337,221338,221339,221340,221341,221342,221343,221344,221345,221346,221347,221348
154,15400,'Saturday',221349,221350,221351,221352,221353,221354,221355,221356,221357,221358,221359,221360,221361,221362,221363,221364,221365,221366,221367,221368
154,15400,'Sunday',221369,221370,221371,221372,221373,221374,221375,221376,221377,221378,221379,221380,221381,221382,221383,221384,221385,221386,221387,221388
154,15400,'Weekday',221389,221390,221391,221392,221393,221394,221395,221396,221397,221398,221399,221400,221401,221402,221403,221404,221405,221406,221407,221408,221409,221410,221411,221412,221413,221414,221415,221416,221417,221418,221419,221420,221421,221422,221423,221424,221425,221426,221427,221428
155,15500,'Saturday',221429,221430,221431,221432,221433,221434,221435,221436,221437,221438,221439,221440,221441,221442,221443,221444,221445,221446,221447,221448,221449,221450,221451,221452,221453,221454,221455,221456,221457
155,15500,'Sunday',221458,221459,221460,221461,221462,221463,221464,221465,221466,221467,221468,221469,221470,221471,221472,221473,221474,221475,221476,221477,221478,221479,221480,221481,221482,221483,221484,221485,221486
155,15500,'Weekday',221487,221488,221489,221490,221491,221492,221493,221494,221495,221496,221497,221498,221499,221500,221501,221502,221503,221504,221505,221506,221507,221508,221509,221510,221511,221512,221513,221514,221515,221516,221517,221518,221519,221520,221521,221522,221523,221524,221525,221526,221527,221528
155,15501,'Saturday',221529,221530,221531,221532,221533,221534,221535,221536,221537,221538,221539,221540,221541,221542,221543,221544,221545,221546,221547,221548,221549,221550,221551,221552,221553,221554,221555,221556,221557
155,15501,'Sunday',221558,221559,221560,221561,221562,221563,221564,221565,221566,221567,221568,221569,221570,221571,221572,221573,221574,221575,221576,221577,221578,221579,221580,221581,221582,221583,221584,221585,221586
155,15501,'Weekday',221587,221588,221589,221590,221591,221592,221593,221594,221595,221596,221597,221598,221599,221600,221601,221602,221603,221604,221605,221606,221607,221608,221609,221610,221611,221612,221613,221614,221615,221616,221617,221618,221619,221620,221621,221622,221623,221624,221625,221626,221627
156,15600,'Saturday',221628,221629,221630,221631,221632,221633,221634,221635,221636,221637,221638,221639,221640,221641,221642,221643,221644,221645,221646,221647,221648,221649,221650,221651,221652,221653,221654,221655,221656,221657
156,15600,'Sunday',221658,221659,221660,221661,221662,221663,221664,221665,221666,221667,221668,221669,221670,221671,221672,221673,221674,221675,221676,221677,221678,221679,221680,221681,221682,221683,221684
156,15600,'Weekday',221685,221686,221687,221688,221689,221690,221691,221692,221693,221694,221695,221696,221697,221698,221699,221700,221701,221702,221703,221704,221705,221706,221707,221708,221709,221710,221711,221712,221713,221714,221715,221716,221717,221718,221719
156,15601,'Saturday',221720,221721,221722,221723,221724,221725,221726,221727,221728,221729,221730,221731,221732,221733,221734,221735,221736,221737,221738,221739,221740,221741,221742,221743,221744,221745,221746,221747,221748,221749
156,15601,'Sunday',221750,221751,221752,221753,221754,221755,221756,221757,221758,221759,221760,221761,221762,221763,221764,221765,221766,221767,221768,221769,221770,221771,221772,221773,221774,221775,221776
156,15601,'Weekday',221777,221778,221779,221780,221781,221782,221783,221784,221785,221786,221787,221788,221789,221790,221791,221792,221793,221794,221795,221796,221797,221798,221799,221800,221801,221802,221803,221804,221805,221806,221807,221808,221809,221810,221811
157,15700,'Saturday',221812,221813,221814,221815,221816,221817,221818,221819,221820,221821,221822,221823,221824,221825,221826,221827,221828,221829,221830,221831,221832,221833,221834,221835,221836,221837,221838,221839,221840,221841,221842,221843,221844,221845,221846,221847,221848,221849,221850,221851,221852,221853
157,15700,'Sunday',221854,221855,221856,221857,221858,221859,221860,221861,221862,221863,221864,221865,221866,221867,221868,221869,221870,221871,221872,221873,221874,221875,221876,221877,221878,221879,221880,221881,221882,221883,221884,221885,221886,221887,221888,221889,221890,221891,221892,221893,221894,221895
157,15700,'Weekday',221896,221897,221898,221899,221900,221901,221902,221903,221904,221905,221906,221907,221908,221909,221910,221911,221912,221913,221914,221915,221916,221917,221918,221919,221920,221921,221922,221923,221924,221925,221926,221927,221928,221929,221930,221931,221932,221933,221934,221935,221936,221937,221938,221939,221940,221941,221942,221943
157,15701,'Saturday',221944,221945,221946,221947,221948,221949,221950,221951,221952,221953,221954,221955,221956,221957,221958,221959,221960,221961,221962,221963,221964,221965,221966,221967,221968,221969,221970,221971,221972,221973,221974,221975,221976,221977,221978,221979,221980,221981,221982,221983,221984,221985
157,15701,'Sunday',221986,221987,221988,221989,221990,221991,221992,221993,221994,221995,221996,221997,221998,221999,222000,222001,222002,222003,222004,222005,222006,222007,222008,222009,222010,222011,222012,222013,222014,222015,222016,222017,222018,222019,222020,222021,222022,222023,222024,222025,222026,222027
157,15701,'Weekday',222028,222029,222030,222031,222032,222033,222034,222035,222036,222037,222038,222039,222040,222041,222042,222043,222044,222045,222046,222047,222048,222049,222050,222051,222052,222053,222054,222055,222056,222057,222058,222059,222060,222061,222062,222063,222064,222065,222066,222067,222068,222069,222070,222071,222072,222073,222074,222075,222076
158,15800,'Saturday',222077,222078,222079,222080,222081,222082,222083,222084,222085,222086,222087,222088,222089,222090,222091,222092,222093,222094,222095,222096,222097,222098,222099,222100,222101,222102,222103
158,15800,'Sunday',222104,222105,222106,222107,222108,222109,222110,222111,222112,222113,222114,222115,222116,222117,222118,222119,222120,222121,222122,222123,222124,222125,222126,222127,222128,222129,222130,222131
158,15800,'Weekday',222132,222133,222134,222135,222136,222137,222138,222139,222140,222141,222142,222143,222144,222145,222146,222147,222148,222149,222150,222151,222152,222153,222154,222155,222156,222157,222158,222159,222160,222161,222162,222163,222164,222165,222166,222167,222168,222169
159,15901,'Saturday',222170,222171,222172,222173,222174,222175,222176,222177,222178,222179,222180,222181,222182,222183,222184,222185,222186,222187,222188,222189,222190,222191,222192,222193,222194,222195,222196,222197,222198,222199,222200,222201,222202,222203,222204,222205,222206,222207,222208,222209,222210,222211,222212,222213,222214,222215,222216,222217,222218,222219,222220,222221,222222,222223,222224,222225,222226,222227,222228,222229,222230,222231,222232,222233
159,15901,'Sunday',222234,222235,222236,222237,222238,222239,222240,222241,222242,222243,222244,222245,222246,222247,222248,222249,222250,222251,222252,222253,222254,222255,222256,222257,222258,222259,222260,222261,222262,222263,222264,222265,222266,222267,222268,222269,222270,222271,222272,222273,222274,222275,222276,222277,222278,222279,222280,222281,222282,222283,222284,222285,222286,222287,222288,222289,222290,222291,222292,222293,222294,222295,222296,222297
159,15901,'Weekday',222298,222299,222300,222301,222302,222303,222304,222305,222306,222307,222308,222309,222310,222311,222312,222313,222314,222315,222316,222317,222318,222319,222320,222321,222322,222323,222324,222325,222326,222327,222328,222329,222330,222331,222332,222333,222334,222335,222336,222337,222338,222339,222340,222341,222342,222343,222344,222345,222346,222347,222348,222349,222350,222351,222352,222353,222354,222355,222356,222357,222358,222359,222360,222361,222362,222363,222364,222365,222366,222367,222368,222369,222370,222371,222372,222373,222374,222375,222376,222377
159,15901,'Weekday0000100',222378
159,15901,'Weekday1111000',222379
164,16400,'Saturday',222380,222381,222382,222383,222384,222385,222386,222387,222388,222389,222390,222391,222392,222393,222394,222395,222396,222397,222398,222399,222400,222401,222402,222403,222404,222405,222406,222407,222408,222409,222410,222411
164,16400,'Sunday',222412,222413,222414,222415,222416,222417,222418,222419,222420,222421,222422,222423,222424,222425,222426,222427,222428,222429,222430,222431,222432,222433,222434,222435,222436,222437,222438,222439,222440,222441,222442,222443
164,16400,'Weekday',222444,222445,222446,222447,222448,222449,222450,222451,222452,222453,222454,222455,222456,222457,222458,222459,222460,222461,222462,222463,222464,222465,222466,222467,222468,222469,222470,222471,222472,222473,222474,222475,222476,222477,222478,222479,222480
164,16401,'Saturday',222481,222482,222483,222484,222485,222486,222487,222488,222489,222490,222491,222492,222493,222494,222495,222496,222497,222498,222499,222500,222501,222502,222503,222504,222505,222506,222507,222508,222509,222510,222511
164,16401,'Sunday',222512,222513,222514,222515,222516,222517,222518,222519,222520,222521,222522,222523,222524,222525,222526,222527,222528,222529,222530,222531,222532,222533,222534,222535,222536,222537,222538,222539,222540,222541,222542
164,16401,'Weekday',222543,222544,222545,222546,222547,222548,222549,222550,222551,222552,222553,222554,222555,222556,222557,222558,222559,222560,222561,222562,222563,222564,222565,222566,222567,222568,222569,222570,222571,222572,222573,222574,222575,222576,222577,222578
167,16701,'Saturday',222579,222580,222581,222582,222583,222584,222585,222586,222587,222588,222589,222590,222591,222592,222593,222594,222595,222596,222597,222598,222599,222600,222601,222602,222603,222604,222605,222606,222607,222608,222609,222610,222611,222612,222613,222614,222615,222616,222617,222618,222619
167,16701,'Sunday',222620,222621,222622,222623,222624,222625,222626,222627,222628,222629,222630,222631,222632,222633,222634,222635,222636,222637,222638,222639,222640,222641,222642,222643,222644,222645,222646,222647,222648,222649,222650,222651,222652,222653,222654,222655,222656,222657,222658,222659,222660
167,16701,'Weekday',222661,222662,222663,222664,222665,222666,222667,222668,222669,222670,222671,222672,222673,222674,222675,222676,222677,222678,222679,222680,222681,222682,222683,222684,222685,222686,222687,222688,222689,222690,222691,222692,222693,222694,222695,222696,222697,222698,222699,222700,222701,222702,222703,222704,222705,222706,222707,222708,222709,222710,222711,222712,222713,222714
169,16900,'Saturday',222715,222716,222717,222718,222719,222720,222721,222722,222723,222724,222725,222726,222727,222728,222729,222730,222731,222732,222733,222734,222735,222736,222737,222738,222739,222740,222741
169,16900,'Sunday',222742,222743,222744,222745,222746,222747,222748,222749,222750,222751,222752,222753,222754,222755,222756,222757,222758,222759,222760,222761,222762,222763,222764,222765,222766,222767,222768
169,16900,'Weekday',222769,222770,222771,222772,222773,222774,222775,222776,222777,222778,222779,222780,222781,222782,222783,222784,222785,222786,222787,222788,222789,222790,222791,222792,222793,222794,222795,222796,222797,222798,222799,222800,222801,222802,222803,222804,222805,222806
194,19400,'Weekday',222807,222808,222809,222810,222811,222812,222813,222814,222815,222816,222817,222818,222819,222820,222821,222822,222823,222824,222825,222826,222827,222828,222829,222830,222831,222832,222833,222834
194,19401,'Weekday',222835,222836,222837,222838,222839,222840,222841,222842,222843,222844,222845,222846,222847,222848,222849,222850,222851,222852,222853,222854,222855,222856,222857,222858,222859,222860,222861,222862,222863
299,29900,'Saturday',222864,222865,222866,222867,222868,222869,222870,222871,222872,222873,222874,222875,222876,222877,222878,222879,222880,222881,222882,222883,222884,222885,222886,222887,222888,222889,222890,222891,222892,222893,222894,222895,222896,222897,222898,222899
299,29900,'Sunday',222900,222901,222902,222903,222904,222905,222906,222907,222908,222909,222910,222911,222912,222913,222914,222915,222916,222917,222918,222919,222920,222921,222922,222923,222924,222925,222926,222927,222928,222929,222930,222931,222932,222933,222934,222935
299,29900,'Weekday',222936,222937,222938,222939,222940,222941,222942,222943,222944,222945,222946,222947,222948,222949,222950,222951,222952,222953,222954,222955,222956,222957,222958,222959,222960,222961,222962,222963,222964,222965,222966,222967,222968,222969,222970,222971,222972,222973
301,30100,'Saturday',222974,222975,222976,222977,222978,222979,222980,222981,222982,222983,222984,222985,222986,222987,222988,222989,222990,222991,222992,222993,222994,222995,222996,222997,222998,222999,223000,223001,223002,223003,223004,223005,223006,223007,223008,223009,223010,223011,223012,223013,223014,223015,223016,223017,223018,223019,223020,223021,223022,223023,223024,223025,223026,223027,223028,223029,223030,223031,223032,223033,223034,223035,223036,223037,223038,223039,223040,223041
301,30100,'Sunday',223042,223043,223044,223045,223046,223047,223048,223049,223050,223051,223052,223053,223054,223055,223056,223057,223058,223059,223060,223061,223062,223063,223064,223065,223066,223067,223068,223069,223070,223071,223072,223073,223074,223075,223076,223077,223078,223079,223080,223081,223082,223083,223084,223085,223086,223087,223088,223089,223090,223091,223092,223093,223094,223095,223096,223097,223098,223099,223100,223101,223102,223103,223104,223105,223106,223107,223108,223109
301,30100,'Weekday',223110,223111,223112,223113,223114,223115,223116,223117,223118,223119,223120,223121,223122,223123,223124,223125,223126,223127,223128,223129,223130,223131,223132,223133,223134,223135,223136,223137,223138,223139,223140,223141,223142,223143,223144,223145,223146,223147,223148,223149,223150,223151,223152,223153,223154,223155,223156,223157,223158,223159,223160,223161,223162,223163,223164,223165,223166,223167,223168,223169,223170,223171,223172,223173,223174,223175,223176,223177,223178,223179,223180,223181,223182,223183,223184,223185,223186,223187,223188,223189,223190,223191,223192,223193,223194,223195,223196,223197,223198,223199,223200,223201,223202,223203,223204,223205,223206,223207,223208,223209,223210,223211,223212,223213,223214,223215,223216,223217,223218,223219,223220,223221,223222,223223,223224
301,30100,'Weekday1111000',223225
301,30101,'Saturday',223226,223227,223228,223229,223230,223231,223232,223233,223234,223235,223236,223237,223238,223239,223240,223241,223242,223243,223244,223245,223246,223247,223248,223249,223250,223251,223252,223253,223254,223255,223256,223257,223258,223259,223260,223261,223262,223263,223264,223265,223266,223267,223268,223269,223270,223271,223272,223273,223274,223275,223276,223277,223278,223279,223280,223281,223282,223283,223284,223285,223286,223287,223288,223289,223290,223291,223292,223293,223294
301,30101,'Sunday',223295,223296,223297,223298,223299,223300,223301,223302,223303,223304,223305,223306,223307,223308,223309,223310,223311,223312,223313,223314,223315,223316,223317,223318,223319,223320,223321,223322,223323,223324,223325,223326,223327,223328,223329,223330,223331,223332,223333,223334,223335,223336,223337,223338,223339,223340,223341,223342,223343,223344,223345,223346,223347,223348,223349,223350,223351,223352,223353,223354,223355,223356,223357,223358,223359,223360,223361,223362,223363
301,30101,'Weekday',223364,223365,223366,223367,223368,223369,223370,223371,223372,223373,223374,223375,223376,223377,223378,223379,223380,223381,223382,223383,223384,223385,223386,223387,223388,223389,223390,223391,223392,223393,223394,223395,223396,223397,223398,223399,223400,223401,223402,223403,223404,223405,223406,223407,223408,223409,223410,223411,223412,223413,223414,223415,223416,223417,223418,223419,223420,223421,223422,223423,223424,223425,223426,223427,223428,223429,223430,223431,223432,223433,223434,223435,223436,223437,223438,223439,223440,223441,223442,223443,223444,223445,223446,223447,223448,223449,223450,223451,223452,223453,223454,223455,223456,223457,223458,223459,223460,223461,223462,223463,223464,223465,223466,223467,223468,223469,223470,223471,223472,223473,223474
302,30200,'Saturday',223475,223476,223477,223478,223479,223480,223481,223482,223483,223484,223485,223486,223487,223488,223489,223490,223491,223492,223493,223494,223495,223496,223497,223498,223499,223500,223501,223502,223503,223504,223505,223506,223507,223508,223509,223510,223511,223512,223513,223514,223515,223516,223517,223518,223519
302,30200,'Sunday',223520,223521,223522,223523,223524,223525,223526,223527,223528,223529,223530,223531,223532,223533,223534,223535,223536,223537,223538,223539,223540,223541,223542,223543,223544,223545,223546,223547,223548,223549,223550,223551,223552,223553,223554,223555,223556,223557,223558,223559,223560,223561,223562,223563,223564
302,30200,'Weekday',223565,223566,223567,223568,223569,223570,223571,223572,223573,223574,223575,223576,223577,223578,223579,223580,223581,223582,223583,223584,223585,223586,223587,223588,223589,223590,223591,223592,223593,223594,223595,223596,223597,223598,223599,223600,223601,223602,223603,223604,223605,223606,223607,223608,223609,223610,223611,223612,223613,223614,223615,223616,223617,223618,223619,223620,223621,223622,223623,223624,223625,223626
302,30201,'Saturday',223627,223628,223629,223630,223631,223632,223633,223634,223635,223636,223637,223638,223639,223640,223641,223642,223643,223644,223645,223646,223647,223648,223649,223650,223651,223652,223653,223654,223655,223656,223657,223658,223659,223660,223661,223662,223663,223664,223665,223666,223667,223668,223669,223670,223671
302,30201,'Sunday',223672,223673,223674,223675,223676,223677,223678,223679,223680,223681,223682,223683,223684,223685,223686,223687,223688,223689,223690,223691,223692,223693,223694,223695,223696,223697,223698,223699,223700,223701,223702,223703,223704,223705,223706,223707,223708,223709,223710,223711,223712,223713,223714,223715,223716
302,30201,'Weekday',223717,223718,223719,223720,223721,223722,223723,223724,223725,223726,223727,223728,223729,223730,223731,223732,223733,223734,223735,223736,223737,223738,223739,223740,223741,223742,223743,223744,223745,223746,223747,223748,223749,223750,223751,223752,223753,223754,223755,223756,223757,223758,223759,223760,223761,223762,223763,223764,223765,223766,223767,223768,223769,223770,223771,223772,223773,223774,223775
303,30300,'Saturday',223776,223777,223778,223779,223780,223781,223782,223783,223784,223785,223786,223787,223788,223789,223790,223791,223792,223793,223794,223795,223796,223797,223798,223799,223800,223801,223802,223803,223804,223805,223806,223807,223808,223809,223810,223811,223812,223813,223814,223815,223816,223817,223818,223819,223820,223821,223822,223823,223824,223825,223826,223827,223828,223829,223830,223831,223832,223833,223834,223835
303,30300,'Sunday',223836,223837,223838,223839,223840,223841,223842,223843,223844,223845,223846,223847,223848,223849,223850,223851,223852,223853,223854,223855,223856,223857,223858,223859,223860,223861,223862,223863,223864,223865,223866,223867,223868,223869,223870,223871,223872,223873,223874,223875,223876,223877,223878,223879,223880,223881,223882,223883,223884,223885,223886,223887,223888,223889,223890,223891,223892,223893,223894,223895
303,30300,'Weekday',223896,223897,223898,223899,223900,223901,223902,223903,223904,223905,223906,223907,223908,223909,223910,223911,223912,223913,223914,223915,223916,223917,223918,223919,223920,223921,223922,223923,223924,223925,223926,223927,223928,223929,223930,223931,223932,223933,223934,223935,223936,223937,223938,223939,223940,223941,223942,223943,223944,223945,223946,223947,223948,223949,223950,223951,223952,223953,223954,223955,223956,223957,223958,223959,223960,223961,223962,223963,223964,223965,223966,223967,223968,223969,223970,223971,223972,223973,223974,223975,223976,223977,223978,223979,223980,223981,223982,223983,223984,223985,223986,223987,223988,223989,223990,223991,223992,223993,223994,223995
303,30301,'Saturday',223996,223997,223998,223999,224000,224001,224002,224003,224004,224005,224006,224007,224008,224009,224010,224011,224012,224013,224014,224015,224016,224017,224018,224019,224020,224021,224022,224023,224024,224025,224026,224027,224028,224029,224030,224031,224032,224033,224034,224035,224036,224037,224038,224039,224040,224041,224042,224043,224044,224045,224046,224047,224048,224049,224050,224051,224052,224053
303,30301,'Sunday',224054,224055,224056,224057,224058,224059,224060,224061,224062,224063,224064,224065,224066,224067,224068,224069,224070,224071,224072,224073,224074,224075,224076,224077,224078,224079,224080,224081,224082,224083,224084,224085,224086,224087,224088,224089,224090,224091,224092,224093,224094,224095,224096,224097,224098,224099,224100,224101,224102,224103,224104,224105,224106,224107,224108,224109,224110,224111
303,30301,'Weekday',224112,224113,224114,224115,224116,224117,224118,224119,224120,224121,224122,224123,224124,224125,224126,224127,224128,224129,224130,224131,224132,224133,224134,224135,224136,224137,224138,224139,224140,224141,224142,224143,224144,224145,224146,224147,224148,224149,224150,224151,224152,224153,224154,224155,224156,224157,224158,224159,224160,224161,224162,224163,224164,224165,224166,224167,224168,224169,224170,224171,224172,224173,224174,224175,224176,224177,224178,224179,224180,224181,224182,224183,224184,224185,224186,224187,224188,224189,224190,224191,224192,224193,224194,224195,224196,224197,224198,224199,224200,224201,224202,224203,224204,224205,224206,224207
304,30400,'Saturday',224208,224209,224210,224211,224212,224213,224214,224215,224216,224217,224218,224219,224220,224221,224222,224223,224224,224225,224226,224227,224228,224229,224230,224231,224232,224233,224234,224235,224236,224237,224238,224239,224240,224241,224242,224243,224244,224245,224246,224247,224248,224249,224250,224251,224252,224253,224254,224255,224256,224257,224258,224259,224260,224261,224262
304,30400,'Sunday',224263,224264,224265,224266,224267,224268,224269,224270,224271,224272,224273,224274,224275,224276,224277,224278,224279,224280,224281,224282,224283,224284,224285,224286,224287,224288,224289,224290,224291,224292,224293,224294,224295,224296,224297,224298,224299,224300,224301,224302,224303,224304,224305,224306,224307,224308,224309,224310,224311,224312,224313,224314,224315,224316,224317
304,30400,'Weekday',224318,224319,224320,224321,224322,224323,224324,224325,224326,224327,224328,224329,224330,224331,224332,224333,224334,224335,224336,224337,224338,224339,224340,224341,224342,224343,224344,224345,224346,224347,224348,224349,224350,224351,224352,224353,224354,224355,224356,224357,224358,224359,224360,224361,224362,224363,224364,224365,224366,224367,224368,224369,224370,224371,224372,224373,224374,224375,224376,224377,224378,224379,224380,224381,224382,224383,224384,224385,224386,224387,224388,224389,224390,224391
304,30401,'Saturday',224392,224393,224394,224395,224396,224397,224398,224399,224400,224401,224402,224403,224404,224405,224406,224407,224408,224409,224410,224411,224412,224413,224414,224415,224416,224417,224418,224419,224420,224421,224422,224423,224424,224425,224426,224427,224428,224429,224430,224431,224432,224433,224434,224435,224436,224437,224438,224439,224440,224441,224442,224443,224444,224445
304,30401,'Sunday',224446,224447,224448,224449,224450,224451,224452,224453,224454,224455,224456,224457,224458,224459,224460,224461,224462,224463,224464,224465,224466,224467,224468,224469,224470,224471,224472,224473,224474,224475,224476,224477,224478,224479,224480,224481,224482,224483,224484,224485,224486,224487,224488,224489,224490,224491,224492,224493,224494,224495,224496,224497,224498,224499
304,30401,'Weekday',224500,224501,224502,224503,224504,224505,224506,224507,224508,224509,224510,224511,224512,224513,224514,224515,224516,224517,224518,224519,224520,224521,224522,224523,224524,224525,224526,224527,224528,224529,224530,224531,224532,224533,224534,224535,224536,224537,224538,224539,224540,224541,224542,224543,224544,224545,224546,224547,224548,224549,224550,224551,224552,224553,224554,224555,224556,224557,224558,224559,224560,224561,224562,224563,224564,224565,224566,224567,224568,224569,224570,224571,224572,224573
306,30600,'Saturday',224574,224575,224576,224577,224578,224579,224580,224581,224582,224583,224584,224585,224586,224587,224588,224589,224590,224591,224592,224593,224594,224595,224596,224597,224598,224599,224600,224601,224602,224603,224604,224605,224606,224607,224608,224609,224610,224611,224612,224613,224614,224615,224616,224617,224618,224619,224620,224621,224622,224623,224624,224625
306,30600,'Sunday',224626,224627,224628,224629,224630,224631,224632,224633,224634,224635,224636,224637,224638,224639,224640,224641,224642,224643,224644,224645,224646,224647,224648,224649,224650,224651,224652,224653,224654,224655,224656,224657,224658,224659,224660,224661,224662,224663,224664,224665,224666,224667,224668,224669,224670,224671,224672,224673,224674,224675,224676,224677
306,30600,'Weekday',224678,224679,224680,224681,224682,224683,224684,224685,224686,224687,224688,224689,224690,224691,224692,224693,224694,224695,224696,224697,224698,224699,224700,224701,224702,224703,224704,224705,224706,224707,224708,224709,224710,224711,224712,224713,224714,224715,224716,224717,224718,224719,224720,224721,224722,224723
306,30601,'Saturday',224724,224725,224726,224727,224728,224729,224730,224731,224732,224733,224734,224735,224736,224737,224738,224739,224740,224741,224742,224743,224744,224745,224746,224747,224748,224749,224750,224751,224752,224753,224754,224755,224756,224757,224758,224759,224760,224761,224762,224763,224764,224765,224766,224767,224768,224769,224770,224771,224772,224773,224774,224775
306,30601,'Sunday',224776,224777,224778,224779,224780,224781,224782,224783,224784,224785,224786,224787,224788,224789,224790,224791,224792,224793,224794,224795,224796,224797,224798,224799,224800,224801,224802,224803,224804,224805,224806,224807,224808,224809,224810,224811,224812,224813,224814,224815,224816,224817,224818,224819,224820,224821,224822,224823,224824,224825,224826,224827
306,30601,'Weekday',224828,224829,224830,224831,224832,224833,224834,224835,224836,224837,224838,224839,224840,224841,224842,224843,224844,224845,224846,224847,224848,224849,224850,224851,224852,224853,224854,224855,224856,224857,224858,224859,224860,224861,224862,224863,224864,224865,224866,224867,224868,224869,224870,224871,224872,224873,224874
307,30700,'Saturday',224875,224876,224877,224878,224879,224880,224881,224882,224883,224884,224885,224886,224887,224888,224889,224890,224891,224892,224893,224894,224895,224896,224897,224898,224899,224900,224901,224902,224903,224904,224905,224906,224907,224908,224909,224910,224911,224912,224913,224914,224915,224916,224917,224918,224919,224920,224921,224922,224923,224924,224925
307,30700,'Sunday',224926,224927,224928,224929,224930,224931,224932,224933,224934,224935,224936,224937,224938,224939,224940,224941,224942,224943,224944,224945,224946,224947,224948,224949,224950,224951,224952,224953,224954,224955,224956,224957,224958,224959,224960,224961,224962,224963,224964,224965,224966,224967,224968,224969,224970,224971,224972,224973,224974,224975,224976
307,30700,'Weekday',224977,224978,224979,224980,224981,224982,224983,224984,224985,224986,224987,224988,224989,224990,224991,224992,224993,224994,224995,224996,224997,224998,224999,225000,225001,225002,225003,225004,225005,225006,225007,225008,225009,225010,225011,225012,225013,225014,225015,225016,225017,225018,225019,225020,225021,225022,225023,225024,225025,225026,225027,225028,225029,225030
307,30701,'Saturday',225031,225032,225033,225034,225035,225036,225037,225038,225039,225040,225041,225042,225043,225044,225045,225046,225047,225048,225049,225050,225051,225052,225053,225054,225055,225056,225057,225058,225059,225060,225061,225062,225063,225064,225065,225066,225067,225068,225069,225070,225071,225072,225073,225074,225075,225076,225077,225078,225079,225080,225081,225082,225083
307,30701,'Sunday',225084,225085,225086,225087,225088,225089,225090,225091,225092,225093,225094,225095,225096,225097,225098,225099,225100,225101,225102,225103,225104,225105,225106,225107,225108,225109,225110,225111,225112,225113,225114,225115,225116,225117,225118,225119,225120,225121,225122,225123,225124,225125,225126,225127,225128,225129,225130,225131,225132,225133,225134,225135,225136
307,30701,'Weekday',225137,225138,225139,225140,225141,225142,225143,225144,225145,225146,225147,225148,225149,225150,225151,225152,225153,225154,225155,225156,225157,225158,225159,225160,225161,225162,225163,225164,225165,225166,225167,225168,225169,225170,225171,225172,225173,225174,225175,225176,225177,225178,225179,225180,225181,225182,225183,225184,225185,225186,225187,225188,225189,225190,225191,225192,225193
404,40400,'Saturday',225194,225195,225196,225197,225198,225199,225200,225201,225202,225203,225204,225205
404,40400,'Sunday',225206,225207,225208,225209,225210,225211,225212,225213,225214,225215,225216,225217
404,40400,'Weekday',225218,225219,225220,225221,225222,225223,225224,225225,225226,225227,225228,225229,225230,225231
404,40401,'Saturday',225232,225233,225234,225235,225236,225237,225238,225239,225240,225241,225242
404,40401,'Sunday',225243,225244,225245,225246,225247,225248,225249,225250,225251,225252,225253
404,40401,'Weekday',225254,225255,225256,225257,225258,225259,225260,225261,225262,225263,225264,225265,225266,225267
414,41400,'Saturday',225268,225269,225270,225271,225272,225273,225274,225275,225276,225277,225278
414,41400,'Sunday',225279,225280,225281,225282,225283,225284,225285,225286,225287,225288
414,41400,'Weekday',225289,225290,225291,225292,225293,225294,225295,225296,225297,225298,225299,225300,225301,225302,225303,225304,225305,225306,225307
414,41401,'Saturday',225308,225309,225310,225311,225312,225313,225314,225315,225316,225317,225318
414,41401,'Sunday',225319,225320,225321,225322,225323,225324,225325,225326,225327,225328
414,41401,'Weekday',225329,225330,225331,225332,225333,225334,225335,225336,225337,225338,225339,225340,225341,225342,225343,225344,225345,225346
422,42200,'Saturday',225347,225348,225349,225350,225351,225352,225353,225354,225355,225356,225357,225358,225359
422,42200,'Sunday',225360,225361,225362,225363,225364,225365,225366,225367,225368,225369,225370,225371,225372
422,42200,'Weekday',225373,225374,225375,225376,225377,225378,225379,225380,225381,225382,225383,225384,225385,225386,225387,225388,225389,225390,225391,225392,225393,225394,225395,225396,225397,225398,225399,225400
422,42201,'Saturday',225401,225402,225403,225404,225405,225406,225407,225408,225409,225410,225411,225412,225413,225414
422,42201,'Sunday',225415,225416,225417,225418,225419,225420,225421,225422,225423,225424,225425,225426,225427,225428
422,42201,'Weekday',225429,225430,225431,225432,225433,225434,225435,225436,225437,225438,225439,225440,225441,225442,225443,225444,225445,225446,225447,225448,225449,225450,225451,225452,225453,225454,225455,225456
440,44000,'Weekday',225457,225458,225459,225460,225461,225462,225463,225464,225465,225466,225467
440,44001,'Weekday',225468,225469,225470,225471,225472,225473,225474,225475,225476,225477,225478,225479
500,50000,'Saturday',225480,225481,225482,225483,225484,225485,225486,225487,225488,225489,225490,225491,225492,225493,225494,225495,225496,225497,225498,225499,225500,225501,225502,225503,225504,225505,225506,225507,225508,225509,225510,225511,225512,225513,225514,225515,225516,225517,225518
500,50000,'Sunday',225519,225520,225521,225522,225523,225524,225525,225526,225527,225528,225529,225530,225531,225532,225533,225534,225535,225536,225537,225538,225539,225540,225541,225542,225543,225544,225545,225546,225547,225548,225549,225550,225551,225552,225553,225554,225555,225556,225557
500,50000,'Weekday',225558,225559,225560,225561,225562,225563,225564,225565,225566,225567,225568,225569,225570,225571,225572,225573,225574,225575,225576,225577,225578,225579,225580,225581,225582,225583,225584,225585,225586,225587,225588,225589,225590,225591,225592,225593,225594,225595,225596,225597,225598,225599,225600,225601,225602,225603,225604,225605,225606,225607,225608,225609,225610
500,50001,'Saturday',225611,225612,225613,225614,225615,225616,225617,225618,225619,225620,225621,225622,225623,225624,225625,225626,225627,225628,225629,225630,225631,225632,225633,225634,225635,225636,225637,225638,225639,225640,225641,225642,225643,225644,225645,225646
500,50001,'Sunday',225647,225648,225649,225650,225651,225652,225653,225654,225655,225656,225657,225658,225659,225660,225661,225662,225663,225664,225665,225666,225667,225668,225669,225670,225671,225672,225673,225674,225675,225676,225677,225678,225679,225680,225681,225682
500,50001,'Weekday',225683,225684,225685,225686,225687,225688,225689,225690,225691,225692,225693,225694,225695,225696,225697,225698,225699,225700,225701,225702,225703,225704,225705,225706,225707,225708,225709,225710,225711,225712,225713,225714,225715,225716,225717,225718,225719,225720,225721,225722,225723,225724,225725,225726,225727,225728,225729,225730,225731
503,50300,'Saturday',225732,225733,225734,225735,225736,225737,225738,225739,225740,225741,225742,225743,225744,225745,225746,225747,225748,225749,225750,225751,225752,225753,225754,225755,225756,225757,225758
503,50300,'Sunday',225759,225760,225761,225762,225763,225764,225765,225766,225767,225768,225769,225770,225771,225772,225773,225774,225775,225776,225777,225778,225779,225780,225781,225782,225783,225784,225785
503,50300,'Weekday',225786,225787,225788,225789,225790,225791,225792,225793,225794,225795,225796,225797,225798,225799,225800,225801,225802,225803,225804,225805,225806,225807,225808,225809,225810,225811,225812,225813,225814,225815,225816,225817,225818,225819,225820,225821,225822,225823,225824,225825,225826,225827,225828,225829,225830
503,50301,'Saturday',225831,225832,225833,225834,225835,225836,225837,225838,225839,225840,225841,225842,225843,225844,225845,225846,225847,225848,225849,225850,225851,225852,225853,225854,225855,225856,225857,225858
503,50301,'Sunday',225859,225860,225861,225862,225863,225864,225865,225866,225867,225868,225869,225870,225871,225872,225873,225874,225875,225876,225877,225878,225879,225880,225881,225882,225883,225884,225885,225886
503,50301,'Weekday',225887,225888,225889,225890,225891,225892,225893,225894,225895,225896,225897,225898,225899,225900,225901,225902,225903,225904,225905,225906,225907,225908,225909,225910,225911,225912,225913,225914,225915,225916,225917,225918,225919,225920,225921,225922,225923,225924,225925,225926,225927,225928,225929,225930,225931,225932,225933
555,55500,'Sunday',225934,225935,225936,225937,225938,225939,225940,225941,225942,225943,225944
697,69700,'Weekday0000100',225945
697,69700,'Weekday1111000',225946
697,69701,'Weekday',225947
698,69800,'Weekday',225948
698,69800,'Weekday0000100',225949
698,69800,'Weekday1111000',225950
698,69801,'Weekday0000100',225951,225952
698,69801,'Weekday1111000',225953,225954
699,69900,'Weekday0000100',225955,225956
699,69900,'Weekday1111000',225957
699,69901,'Weekday',225958
703,70300,'Weekday0000100',225959,225960
703,70300,'Weekday1111000',225961,225962
703,70301,'Weekday',225963,225964
704,70400,'Weekday0000100',225965,225966
704,70400,'Weekday1111000',225967,225968
704,70401,'Weekday',225969,225970
705,70500,'Weekday0000100',225971
705,70500,'Weekday1111000',225972
705,70501,'Weekday',225973
706,70600,'Weekday0000100',225974,225975
706,70600,'Weekday1111000',225976,225977
706,70601,'Weekday',225978,225979
708,70800,'Weekday',225980
708,70801,'Weekday0000100',225981
708,70801,'Weekday1111000',225982
711,71100,'Weekday',225983
711,71101,'Weekday0000100',225984
711,71101,'Weekday1111000',225985
712,71200,'Weekday',225986
712,71201,'Weekday0000100',225987
712,71201,'Weekday1111000',225988
713,71300,'Weekday',225989
713,71301,'Weekday0000100',225990
713,71301,'Weekday1111000',225991
714,71400,'Weekday',225992,225993
714,71401,'Weekday0000100',225994,225995,225996
714,71401,'Weekday1111000',225997,225998,225999
715,71500,'Weekday',226000,226001
715,71501,'Weekday0000100',226002
715,71501,'Weekday1111000',226003
716,71600,'Weekday',226004,226005
716,71601,'Weekday0000100',226006,226007
716,71601,'Weekday1111000',226008,226009
717,71700,'Weekday',226010,226011
717,71701,'Weekday0000100',226012,226013
717,71701,'Weekday1111000',226014,226015
718,71800,'Weekday',226016,226017
718,71801,'Weekday0000100',226018
718,71801,'Weekday1111000',226019
719,71900,'Weekday',226020,226021
719,71901,'Weekday0000100',226022,226023
719,71901,'Weekday1111000',226024,226025
720,72003,'Weekday',226026
720,72004,'Weekday0000100',226027
720,72004,'Weekday1111000',226028
721,72100,'Weekday',226029
721,72101,'Weekday0000100',226030
721,72101,'Weekday1111000',226031
722,72200,'Weekday',226032
722,72201,'Weekday0000100',226033
722,72201,'Weekday1111000',226034
724,72400,'Weekday0000100',226035
724,72400,'Weekday1111000',226036
724,72401,'Weekday',226037
725,72500,'Weekday0000100',226038
725,72500,'Weekday1111000',226039
725,72501,'Weekday',226040
726,72600,'Weekday0000100',226041
726,72600,'Weekday1111000',226042
726,72601,'Weekday',226043
728,72800,'Weekday',226044
728,72801,'Weekday0000100',226045
728,72801,'Weekday1111000',226046
731,73100,'Weekday0000100',226047
731,73100,'Weekday1111000',226048
731,73101,'Weekday',226049
732,73200,'Weekday',226050
732,73201,'Weekday0000100',226051
732,73201,'Weekday1111000',226052
733,73300,'Weekday',226053
733,73301,'Weekday0000100',226054
733,73301,'Weekday1111000',226055
734,73400,'Weekday0000100',226056,226057
734,73400,'Weekday1111000',226058,226059
734,73401,'Weekday',226060,226061
736,73600,'Weekday0000100',226062
736,73600,'Weekday1111000',226063
736,73601,'Weekday',226064
743,74300,'Weekday0000100',226065
743,74300,'Weekday1111000',226066
743,74301,'Weekday',226067
744,74400,'Weekday0000100',226068
744,74400,'Weekday1111000',226069
744,74401,'Weekday',226070
745,74500,'Weekday0000100',226071
745,74500,'Weekday1111000',226072
745,74501,'Weekday',226073
750,75000,'Weekday0000100',226074
750,75000,'Weekday1111000',226075
750,75001,'Weekday',226076
751,75100,'Weekday0000100',226077
751,75100,'Weekday1111000',226078
751,75101,'Weekday',226079
752,75200,'Weekday0000100',226080,226081
752,75200,'Weekday1111000',226082,226083
752,75201,'Weekday',226084,226085
753,75300,'Weekday0000100',226086
753,75300,'Weekday1111000',226087
753,75301,'Weekday',226088
754,75400,'Weekday0000100',226089
754,75400,'Weekday1111000',226090
754,75401,'Weekday',226091
755,75500,'Weekday0000100',226092,226093
755,75500,'Weekday1111000',226094,226095
755,75501,'Weekday',226096,226097,226098
756,75600,'Weekday0000100',226099
756,75600,'Weekday1111000',226100
756,75601,'Weekday',226101
760,76000,'Weekday0000100',226102
760,76000,'Weekday1111000',226103
760,76001,'Weekday',226104
761,76100,'Weekday',226105
761,76101,'Weekday0000100',226106
761,76101,'Weekday1111000',226107
762,76200,'Weekday0000100',226108
762,76200,'Weekday1111000',226109
762,76201,'Weekday',226110
764,76400,'Weekday',226111
764,76401,'Weekday0000100',226112
764,76401,'Weekday1111000',226113
765,76500,'Weekday',226114,226115
765,76501,'Weekday0000100',226116,226117
765,76501,'Weekday1111000',226118,226119
766,76600,'Weekday',226120,226121,226122,226123
766,76601,'Weekday0000100',226124,226125,226126,226127
766,76601,'Weekday1111000',226128,226129,226130,226131
767,76700,'Weekday0000100',226132
767,76700,'Weekday1111000',226133
767,76701,'Weekday',226134,226135
768,76800,'Weekday',226136
768,76801,'Weekday0000100',226137
768,76801,'Weekday1111000',226138
771,77100,'Weekday0000100',226139,226140
771,77100,'Weekday1111000',226141
771,77101,'Weekday',226142,226143
772,77200,'Weekday0000100',226144
772,77200,'Weekday1111000',226145
772,77201,'Weekday',226146
773,77300,'Weekday',226147
773,77301,'Weekday0000100',226148
773,77301,'Weekday1111000',226149
774,77400,'Weekday',226150,226151
774,77401,'Weekday0000100',226152,226153
774,77401,'Weekday1111000',226154,226155
776,77600,'Weekday',226156
776,77601,'Weekday0000100',226157
776,77601,'Weekday1111000',226158
778,77800,'Weekday',226159
778,77801,'Weekday0000100',226160
778,77801,'Weekday1111000',226161
779,77900,'Weekday0000100',226162,226163
779,77900,'Weekday1111000',226164,226165
779,77901,'Weekday',226166,226167
780,78000,'Weekday',226168
780,78001,'Weekday0000100',226169
780,78001,'Weekday1111000',226170
782,78200,'Weekday0000100',226171
782,78200,'Weekday1111000',226172
782,78201,'Weekday',226173
783,78300,'Weekday0000100',226174,226175
783,78300,'Weekday1111000',226176,226177
783,78301,'Weekday',226178,226179
786,78600,'Weekday',226180
786,78601,'Weekday0000100',226181
786,78601,'Weekday1111000',226182
789,78900,'Weekday',226183
789,78901,'Weekday0000100',226184
789,78901,'Weekday1111000',226185
793,79300,'Weekday0000100',226186
793,79300,'Weekday1111000',226187
794,79400,'Weekday',226188
794,79401,'Weekday0000100',226189,226190
794,79401,'Weekday1111000',226191,226192
795,79500,'Weekday0000100',226193
795,79500,'Weekday1111000',226194
795,79501,'Weekday',226195
796,79600,'Weekday0000100',226196
796,79600,'Weekday1111000',226197
796,79601,'Weekday',226198
797,79700,'Weekday',226199
797,79700,'Weekday0000100',226200
797,79700,'Weekday1111000',226201
798,79800,'Weekday0000100',226202
798,79800,'Weekday1111000',226203
798,79801,'Weekday',226204
799,79900,'Weekday0000100',226205,226206
799,79900,'Weekday1111000',226207,226208
799,79901,'Weekday',226209,226210
801,80100,'Weekday',226211
801,80101,'Weekday',226212
802,80200,'Weekday',226213
802,80201,'Weekday',226214
809,80900,'Weekday0000100',226215
809,80900,'Weekday1111000',226216
809,80901,'Weekday',226217
811,81100,'Weekday',226218,226219
811,81101,'Weekday0000100',226220,226221
811,81101,'Weekday1111000',226222,226223
812,81200,'Weekday',226224
812,81201,'Weekday0000100',226225
812,81201,'Weekday1111000',226226
813,81300,'Weekday',226227
813,81301,'Weekday0000100',226228
813,81301,'Weekday1111000',226229
814,81400,'Weekday',226230
814,81401,'Weekday0000100',226231
814,81401,'Weekday1111000',226232
815,81500,'Weekday',226233
815,81501,'Weekday0000100',226234
815,81501,'Weekday1111000',226235
816,81600,'Weekday',226236
816,81601,'Weekday0000100',226237
816,81601,'Weekday1111000',226238
817,81700,'Weekday',226239
817,81701,'Weekday0000100',226240
817,81701,'Weekday1111000',226241
818,81800,'Weekday0000100',226242
818,81800,'Weekday1111000',226243
818,81801,'Weekday',226244
819,81900,'Weekday0000100',226245
819,81900,'Weekday1111000',226246
819,81901,'Weekday',226247
820,82000,'Weekday',226248
820,82001,'Weekday0000100',226249
820,82001,'Weekday1111000',226250
821,82100,'Weekday0000100',226251
821,82100,'Weekday1111000',226252
821,82101,'Weekday',226253
823,82300,'Weekday0000100',226254,226255
823,82300,'Weekday1111000',226256,226257
823,82301,'Weekday',226258
825,82500,'Weekday',226259
825,82501,'Weekday0000100',226260
825,82501,'Weekday1111000',226261
826,82600,'Weekday0000100',226262
826,82600,'Weekday1111000',226263
826,82601,'Weekday',226264
832,83200,'Weekday',226265,226266
832,83201,'Weekday',226267,226268
833,83300,'Weekday',226269,226270
833,83301,'Weekday',226271,226272
835,83500,'Weekday',226273
836,83600,'Weekday',226274
836,83601,'Weekday',226275
839,83901,'Weekday',226276
844,84400,'Weekday0000100',226277
844,84400,'Weekday1111000',226278
845,84500,'Weekday',226279,226280,226281
845,84501,'Weekday',226282,226283,226284
848,84800,'Weekday',226285,226286
848,84801,'Weekday0000100',226287
848,84801,'Weekday1111000',226288
849,84900,'Weekday',226289
849,84901,'Weekday0000100',226290
849,84901,'Weekday1111000',226291
851,85100,'Weekday',226292
851,85101,'Weekday',226293
853,85300,'Weekday',226294
853,85301,'Weekday',226295
862,86200,'Weekday',226296
862,86201,'Weekday0000100',226297
862,86201,'Weekday1111000',226298
863,86300,'Weekday0000100',226299,226300
863,86300,'Weekday1111000',226301,226302
863,86301,'Weekday',226303,226304
864,86400,'Weekday0000100',226305,226306
864,86400,'Weekday1111000',226307,226308
864,86401,'Weekday',226309,226310
865,86500,'Weekday',226311,226312
865,86501,'Weekday0000100',226313,226314
865,86501,'Weekday1111000',226315,226316
866,86600,'Weekday0000100',226317,226318
866,86600,'Weekday1111000',226319,226320
866,86601,'Weekday',226321,226322
867,86700,'Weekday0000100',226323
867,86700,'Weekday1111000',226324
867,86701,'Weekday',226325
869,86900,'Weekday0000100',226326
869,86900,'Weekday1111000',226327
871,87101,'Weekday',226328
872,87200,'Weekday',226329
873,87300,'Weekday',226330
873,87301,'Weekday',226331,226332
877,87700,'Weekday',226333,226334
877,87701,'Weekday',226335,226336
878,87800,'Weekday',226337
878,87801,'Weekday',226338,226339
879,87900,'Weekday',226340,226341
879,87901,'Weekday',226342,226343
880,88000,'Weekday',226344
880,88001,'Weekday',226345
881,88100,'Weekday',226346
881,88101,'Weekday',226347,226348
882,88200,'Weekday',226349
882,88201,'Weekday',226350
887,88700,'Weekday',226351
887,88701,'Weekday',226352
890,89000,'Weekday',226353,226354
890,89001,'Weekday',226355,226356
892,89200,'Weekday',226357
892,89201,'Weekday',226358
894,89400,'Weekday',226359
894,89401,'Weekday',226360
895,89500,'Weekday',226361
895,89501,'Weekday',226362
896,89600,'Weekday',226363
896,89601,'Weekday',226364
